[19ago2026 16:39:10.191] [main/INFO] [cpw.mods.modlauncher.Launcher/MODLAUNCHER]: ModLauncher running: args [--launchTarget, forgeclientuserdev, --version, 21.1.73, --assetIndex, asset-index, --assetsDir, C:\Users\Administrator\.gradle\caches\minecraft\assets, --gameDir, ., --fml.neoForgeVersion, 21.1.73, --fml.fmlVersion, 4.0.31, --fml.mcVersion, 1.21.1, --fml.neoFormVersion, 20240808.144430]
[19ago2026 16:39:10.195] [main/INFO] [cpw.mods.modlauncher.Launcher/MODLAUNCHER]: JVM identified as Eclipse Adoptium OpenJDK 64-Bit Server VM 21.0.10+7-LTS
[19ago2026 16:39:10.198] [main/INFO] [cpw.mods.modlauncher.Launcher/MODLAUNCHER]: ModLauncher 11.0.4+main.d2e20e43 starting: java version 21.0.10 by Eclipse Adoptium; OS Windows 10 arch amd64 version 10.0
[19ago2026 16:39:10.234] [main/DEBUG] [cpw.mods.modlauncher.LaunchServiceHandler/MODLAUNCHER]: Found launch services [minecraft,forgeclient,forgedatauserdev,testharness,forgeserverdev,forgeserveruserdev,forgejunitdev,forgeclientdev,forgeclientuserdev,forgeserver,forgejunituserdev,forgedatadev]
[19ago2026 16:39:10.266] [main/DEBUG] [cpw.mods.modlauncher.LaunchPluginHandler/MODLAUNCHER]: Found launch plugins: [mixin,slf4jfixer,runtime_enum_extender,accesstransformer,runtimedistcleaner]
[19ago2026 16:39:10.283] [main/DEBUG] [cpw.mods.modlauncher.TransformationServicesHandler/MODLAUNCHER]: Discovering transformation services
[19ago2026 16:39:10.290] [main/DEBUG] [net.neoforged.fml.loading.FMLPaths/CORE]: Path GAMEDIR is C:\Users\Administrator\Desktop\projects\Demis-Enigmatic-Dice\runs\client
[19ago2026 16:39:10.290] [main/DEBUG] [net.neoforged.fml.loading.FMLPaths/CORE]: Path MODSDIR is C:\Users\Administrator\Desktop\projects\Demis-Enigmatic-Dice\runs\client\mods
[19ago2026 16:39:10.291] [main/DEBUG] [net.neoforged.fml.loading.FMLPaths/CORE]: Path CONFIGDIR is C:\Users\Administrator\Desktop\projects\Demis-Enigmatic-Dice\runs\client\config
[19ago2026 16:39:10.291] [main/DEBUG] [net.neoforged.fml.loading.FMLPaths/CORE]: Path FMLCONFIG is C:\Users\Administrator\Desktop\projects\Demis-Enigmatic-Dice\runs\client\config\fml.toml
[19ago2026 16:39:10.362] [main/TRACE] [net.neoforged.fml.loading.FMLConfig/CORE]: Loaded FML config from C:\Users\Administrator\Desktop\projects\Demis-Enigmatic-Dice\runs\client\config\fml.toml
[19ago2026 16:39:10.362] [main/TRACE] [net.neoforged.fml.loading.FMLConfig/CORE]: FMLConfig disableConfigWatcher is false
[19ago2026 16:39:10.362] [main/TRACE] [net.neoforged.fml.loading.FMLConfig/CORE]: FMLConfig earlyWindowControl is true
[19ago2026 16:39:10.362] [main/TRACE] [net.neoforged.fml.loading.FMLConfig/CORE]: FMLConfig maxThreads is 12
[19ago2026 16:39:10.363] [main/TRACE] [net.neoforged.fml.loading.FMLConfig/CORE]: FMLConfig versionCheck is true
[19ago2026 16:39:10.363] [main/TRACE] [net.neoforged.fml.loading.FMLConfig/CORE]: FMLConfig defaultConfigPath is defaultconfigs
[19ago2026 16:39:10.363] [main/TRACE] [net.neoforged.fml.loading.FMLConfig/CORE]: FMLConfig disableOptimizedDFU is true
[19ago2026 16:39:10.363] [main/TRACE] [net.neoforged.fml.loading.FMLConfig/CORE]: FMLConfig earlyWindowProvider is fmlearlywindow
[19ago2026 16:39:10.363] [main/TRACE] [net.neoforged.fml.loading.FMLConfig/CORE]: FMLConfig earlyWindowWidth is 854
[19ago2026 16:39:10.363] [main/TRACE] [net.neoforged.fml.loading.FMLConfig/CORE]: FMLConfig earlyWindowHeight is 480
[19ago2026 16:39:10.363] [main/TRACE] [net.neoforged.fml.loading.FMLConfig/CORE]: FMLConfig earlyWindowFBScale is 1
[19ago2026 16:39:10.363] [main/TRACE] [net.neoforged.fml.loading.FMLConfig/CORE]: FMLConfig earlyWindowMaximized is false
[19ago2026 16:39:10.364] [main/TRACE] [net.neoforged.fml.loading.FMLConfig/CORE]: FMLConfig earlyWindowSkipGLVersions is []
[19ago2026 16:39:10.364] [main/TRACE] [net.neoforged.fml.loading.FMLConfig/CORE]: FMLConfig earlyWindowSquir is false
[19ago2026 16:39:10.376] [main/DEBUG] [net.neoforged.fml.loading.targets.CommonLaunchHandler/CORE]: Got mod coordinates enigmaticdice%%C:\Users\Administrator\Desktop\projects\Demis-Enigmatic-Dice\build\resources\main;enigmaticdice%%C:\Users\Administrator\Desktop\projects\Demis-Enigmatic-Dice\build\classes\java\main from env
[19ago2026 16:39:10.378] [main/DEBUG] [net.neoforged.fml.loading.targets.CommonLaunchHandler/CORE]: Found supplied mod coordinates [{enigmaticdice=[C:\Users\Administrator\Desktop\projects\Demis-Enigmatic-Dice\build\resources\main, C:\Users\Administrator\Desktop\projects\Demis-Enigmatic-Dice\build\classes\java\main]}]
[19ago2026 16:39:10.382] [main/DEBUG] [cpw.mods.modlauncher.TransformationServicesHandler/MODLAUNCHER]: Found additional transformation services from discovery services: 
[19ago2026 16:39:10.390] [main/INFO] [net.neoforged.fml.loading.ImmediateWindowHandler/]: Loading ImmediateWindowProvider fmlearlywindow
[19ago2026 16:39:10.534] [main/INFO] [EARLYDISPLAY/]: Trying GL version 4.6
[19ago2026 16:39:10.705] [main/INFO] [EARLYDISPLAY/]: Requested GL version 4.6 got version 4.6
[19ago2026 16:39:10.771] [main/DEBUG] [cpw.mods.modlauncher.TransformationServicesHandler/MODLAUNCHER]: Found transformer services : [mixin,fml]
[19ago2026 16:39:10.772] [main/DEBUG] [cpw.mods.modlauncher.TransformationServicesHandler/MODLAUNCHER]: Transformation services loading
[19ago2026 16:39:10.772] [main/DEBUG] [cpw.mods.modlauncher.TransformationServiceDecorator/MODLAUNCHER]: Loading service mixin
[19ago2026 16:39:10.772] [main/DEBUG] [cpw.mods.modlauncher.TransformationServiceDecorator/MODLAUNCHER]: Loaded service mixin
[19ago2026 16:39:10.772] [main/DEBUG] [cpw.mods.modlauncher.TransformationServiceDecorator/MODLAUNCHER]: Loading service fml
[19ago2026 16:39:10.773] [main/DEBUG] [net.neoforged.fml.loading.FMLLoader/CORE]: FML 4.0.31 loading
[19ago2026 16:39:10.773] [main/DEBUG] [net.neoforged.fml.loading.FMLLoader/CORE]: FML found ModLauncher version : 11.0.4+main.d2e20e43
[19ago2026 16:39:10.773] [main/DEBUG] [net.neoforged.fml.loading.FMLLoader/CORE]: FML found AccessTransformer version : 10.0.1+139da711
[19ago2026 16:39:10.774] [main/DEBUG] [net.neoforged.fml.loading.FMLLoader/CORE]: FML found EventBus version : null
[19ago2026 16:39:10.774] [main/DEBUG] [net.neoforged.fml.loading.FMLLoader/CORE]: Found Runtime Dist Cleaner
[19ago2026 16:39:10.774] [main/DEBUG] [cpw.mods.modlauncher.TransformationServiceDecorator/MODLAUNCHER]: Loaded service fml
[19ago2026 16:39:10.775] [main/DEBUG] [cpw.mods.modlauncher.TransformationServicesHandler/MODLAUNCHER]: Configuring option handling for services
[19ago2026 16:39:10.796] [main/DEBUG] [net.neoforged.fml.loading.FMLServiceProvider/CORE]: Received command line version data  : VersionInfo[neoForgeVersion=21.1.73, fmlVersion=4.0.31, mcVersion=1.21.1, neoFormVersion=20240808.144430]
[19ago2026 16:39:10.797] [main/DEBUG] [cpw.mods.modlauncher.TransformationServicesHandler/MODLAUNCHER]: Transformation services initializing
[19ago2026 16:39:10.797] [main/DEBUG] [cpw.mods.modlauncher.TransformationServiceDecorator/MODLAUNCHER]: Initializing transformation service mixin
[19ago2026 16:39:10.812] [main/DEBUG] [mixin/]: MixinService [ModLauncher] was successfully booted in cpw.mods.cl.ModuleClassLoader@212bf671
[19ago2026 16:39:10.826] [main/INFO] [mixin/]: SpongePowered MIXIN Subsystem Version=0.8.7 Source=union:/C:/Users/Administrator/.gradle/caches/modules-2/files-2.1/net.fabricmc/sponge-mixin/0.15.2+mixin.0.8.7/2af2f021d8e02a0220dc27a7a72b4666d66d44ca/sponge-mixin-0.15.2+mixin.0.8.7.jar%23135!/ Service=ModLauncher Env=CLIENT
[19ago2026 16:39:10.830] [main/DEBUG] [mixin/]: Initialising Mixin Platform Manager
[19ago2026 16:39:10.830] [main/DEBUG] [mixin/]: Adding mixin platform agents for container ModLauncher Root Container(ModLauncher:4f56a0a2)
[19ago2026 16:39:10.830] [main/DEBUG] [mixin/]: Instancing new MixinPlatformAgentMinecraftForge for ModLauncher Root Container(ModLauncher:4f56a0a2)
[19ago2026 16:39:10.831] [main/DEBUG] [mixin/]: MixinPlatformAgentMinecraftForge rejected container ModLauncher Root Container(ModLauncher:4f56a0a2)
[19ago2026 16:39:10.831] [main/DEBUG] [mixin/]: Instancing new MixinPlatformAgentDefault for ModLauncher Root Container(ModLauncher:4f56a0a2)
[19ago2026 16:39:10.831] [main/DEBUG] [mixin/]: MixinPlatformAgentDefault accepted container ModLauncher Root Container(ModLauncher:4f56a0a2)
[19ago2026 16:39:10.833] [main/DEBUG] [cpw.mods.modlauncher.TransformationServiceDecorator/MODLAUNCHER]: Initialized transformation service mixin
[19ago2026 16:39:10.834] [main/DEBUG] [cpw.mods.modlauncher.TransformationServiceDecorator/MODLAUNCHER]: Initializing transformation service fml
[19ago2026 16:39:10.834] [main/DEBUG] [net.neoforged.fml.loading.FMLServiceProvider/CORE]: Setting up basic FML game directories
[19ago2026 16:39:10.834] [main/DEBUG] [net.neoforged.fml.loading.FMLPaths/CORE]: Path GAMEDIR is C:\Users\Administrator\Desktop\projects\Demis-Enigmatic-Dice\runs\client
[19ago2026 16:39:10.834] [main/DEBUG] [net.neoforged.fml.loading.FMLPaths/CORE]: Path MODSDIR is C:\Users\Administrator\Desktop\projects\Demis-Enigmatic-Dice\runs\client\mods
[19ago2026 16:39:10.835] [main/DEBUG] [net.neoforged.fml.loading.FMLPaths/CORE]: Path CONFIGDIR is C:\Users\Administrator\Desktop\projects\Demis-Enigmatic-Dice\runs\client\config
[19ago2026 16:39:10.835] [main/DEBUG] [net.neoforged.fml.loading.FMLPaths/CORE]: Path FMLCONFIG is C:\Users\Administrator\Desktop\projects\Demis-Enigmatic-Dice\runs\client\config\fml.toml
[19ago2026 16:39:10.835] [main/DEBUG] [net.neoforged.fml.loading.FMLServiceProvider/CORE]: Loading configuration
[19ago2026 16:39:10.837] [main/TRACE] [net.neoforged.fml.loading.FMLConfig/CORE]: Loaded FML config from C:\Users\Administrator\Desktop\projects\Demis-Enigmatic-Dice\runs\client\config\fml.toml
[19ago2026 16:39:10.837] [main/TRACE] [net.neoforged.fml.loading.FMLConfig/CORE]: FMLConfig disableConfigWatcher is false
[19ago2026 16:39:10.838] [main/TRACE] [net.neoforged.fml.loading.FMLConfig/CORE]: FMLConfig earlyWindowControl is true
[19ago2026 16:39:10.838] [main/TRACE] [net.neoforged.fml.loading.FMLConfig/CORE]: FMLConfig maxThreads is 12
[19ago2026 16:39:10.838] [main/TRACE] [net.neoforged.fml.loading.FMLConfig/CORE]: FMLConfig versionCheck is true
[19ago2026 16:39:10.838] [main/TRACE] [net.neoforged.fml.loading.FMLConfig/CORE]: FMLConfig defaultConfigPath is defaultconfigs
[19ago2026 16:39:10.838] [main/TRACE] [net.neoforged.fml.loading.FMLConfig/CORE]: FMLConfig disableOptimizedDFU is true
[19ago2026 16:39:10.838] [main/TRACE] [net.neoforged.fml.loading.FMLConfig/CORE]: FMLConfig earlyWindowProvider is fmlearlywindow
[19ago2026 16:39:10.838] [main/TRACE] [net.neoforged.fml.loading.FMLConfig/CORE]: FMLConfig earlyWindowWidth is 854
[19ago2026 16:39:10.838] [main/TRACE] [net.neoforged.fml.loading.FMLConfig/CORE]: FMLConfig earlyWindowHeight is 480
[19ago2026 16:39:10.838] [main/TRACE] [net.neoforged.fml.loading.FMLConfig/CORE]: FMLConfig earlyWindowFBScale is 1
[19ago2026 16:39:10.839] [main/TRACE] [net.neoforged.fml.loading.FMLConfig/CORE]: FMLConfig earlyWindowMaximized is false
[19ago2026 16:39:10.839] [main/TRACE] [net.neoforged.fml.loading.FMLConfig/CORE]: FMLConfig earlyWindowSkipGLVersions is []
[19ago2026 16:39:10.839] [main/TRACE] [net.neoforged.fml.loading.FMLConfig/CORE]: FMLConfig earlyWindowSquir is false
[19ago2026 16:39:10.842] [main/DEBUG] [net.neoforged.fml.loading.LaunchContext/SCAN]: Located paths when launch context was created: [C:\Users\Administrator\.gradle\caches\modules-2\files-2.1\commons-logging\commons-logging\1.2\4bfc12adfe4842bf07b657f0369c4cb522955686\commons-logging-1.2.jar, C:\Users\Administrator\.gradle\caches\modules-2\files-2.1\com.github.oshi\oshi-core\6.4.10\b1d8ab82d11d92fd639b56d639f8f46f739dd5fa\oshi-core-6.4.10.jar, C:\Users\Administrator\.gradle\caches\modules-2\files-2.1\org.lz4\lz4-java\1.8.0\4b986a99445e49ea5fbf5d149c4b63f6ed6c6780\lz4-java-1.8.0.jar, C:\Users\Administrator\.gradle\caches\modules-2\files-2.1\org.apache.logging.log4j\log4j-core\2.22.1\7183a25510a02ad00cc6a95d3b3d2a7d3c5a8dc4\log4j-core-2.22.1.jar, C:\Users\Administrator\.gradle\caches\modules-2\files-2.1\org.lwjgl\lwjgl-tinyfd\3.3.3\a6697981b0449a5087c1d546fc08b4f73e8f98c9\lwjgl-tinyfd-3.3.3-natives-windows.jar, C:\Users\Administrator\.gradle\caches\modules-2\files-2.1\com.mojang\logging\1.2.7\24cb95ffb0e3433fd6e844c04e68009e504ca1c0\logging-1.2.7.jar, C:\Users\Administrator\.gradle\caches\modules-2\files-2.1\org.slf4j\slf4j-api\2.0.9\7cf2726fdcfbc8610f9a71fb3ed639871f315340\slf4j-api-2.0.9.jar, C:\Users\Administrator\.gradle\caches\modules-2\files-2.1\net.neoforged\neoform\1.21.1-20240808.144430\811e2bd86fa2cda2812e5e8e51d718ea8bd6d3f4\neoform-1.21.1-20240808.144430.zip, C:\Users\Administrator\.gradle\caches\modules-2\files-2.1\io.netty\netty-transport-native-unix-common\4.1.97.Final\d469d84265ab70095b01b40886cabdd433b6e664\netty-transport-native-unix-common-4.1.97.Final.jar, C:\Users\Administrator\.gradle\caches\modules-2\files-2.1\org.checkerframework\checker-qual\3.33.0\de2b60b62da487644fc11f734e73c8b0b431238f\checker-qual-3.33.0.jar, C:\Users\Administrator\.gradle\caches\modules-2\files-2.1\org.apache.logging.log4j\log4j-api\2.22.1\bea6fede6328fabafd7e68363161a7ea6605abd1\log4j-api-2.22.1.jar, C:\Users\Administrator\.gradle\caches\modules-2\files-2.1\org.lwjgl\lwjgl-openal\3.3.3\87b8d5050e3adb46bb58fe1cb2669a4a48fce10d\lwjgl-openal-3.3.3-natives-windows-x86.jar, C:\Users\Administrator\.gradle\caches\modules-2\files-2.1\com.electronwill.night-config\toml\3.8.0\861dbcf2757dd6701c98b3949198549ccb5f62ff\toml-3.8.0.jar, C:\Users\Administrator\.gradle\caches\modules-2\files-2.1\net.fabricmc\sponge-mixin\0.15.2+mixin.0.8.7\2af2f021d8e02a0220dc27a7a72b4666d66d44ca\sponge-mixin-0.15.2+mixin.0.8.7.jar, C:\Users\Administrator\.gradle\caches\modules-2\files-2.1\org.apache.httpcomponents\httpclient\4.5.13\e5f6cae5ca7ecaac1ec2827a9e2d65ae2869cada\httpclient-4.5.13.jar, C:\Users\Administrator\.gradle\caches\modules-2\files-2.1\org.apache.maven\maven-artifact\3.8.5\4433f50c07debefaed0553bd0068f4f48d449313\maven-artifact-3.8.5.jar, C:\Users\Administrator\.gradle\caches\modules-2\files-2.1\org.lwjgl\lwjgl-glfw\3.3.3\efa1eb78c5ccd840e9f329717109b5e892d72f8e\lwjgl-glfw-3.3.3.jar, C:\Users\Administrator\.gradle\caches\modules-2\files-2.1\org.jcraft\jorbis\0.0.17\8872d22b293e8f5d7d56ff92be966e6dc28ebdc6\jorbis-0.0.17.jar, C:\Users\Administrator\.gradle\caches\modules-2\files-2.1\net.minecraftforge\srgutils\0.4.15\ca408b131759478f164e010fae0d73997e125fb5\srgutils-0.4.15.jar, C:\Users\Administrator\.gradle\caches\modules-2\files-2.1\org.lwjgl\lwjgl-opengl\3.3.3\65e956d3735a1abdc82eff4baec1b61174697d4b\lwjgl-opengl-3.3.3-natives-windows-arm64.jar, C:\Users\Administrator\.gradle\caches\modules-2\files-2.1\com.mojang\blocklist\1.0.10\5c685c5ffa94c4cd39496c7184c1d122e515ecef\blocklist-1.0.10.jar, C:\Users\Administrator\.gradle\caches\modules-2\files-2.1\com.google.guava\guava\32.1.2-jre\5e64ec7e056456bef3a4bc4c6fdaef71e8ab6318\guava-32.1.2-jre.jar, C:\Users\Administrator\.gradle\caches\modules-2\files-2.1\org.jline\jline-terminal\3.20.0\d0ddcc708ddf527a3454c941b7b9225cc83a15ff\jline-terminal-3.20.0.jar, C:\Users\Administrator\.gradle\caches\modules-2\files-2.1\net.jodah\typetools\0.6.3\a01aaa6ddaea9ec07ec4f209487b7a46a526283a\typetools-0.6.3.jar, C:\Users\Administrator\.gradle\caches\modules-2\files-2.1\net.neoforged\mergetool\2.0.3\1275202cbbb248f49345cf6787ce299afd9a02fb\mergetool-2.0.3-api.jar, C:\Users\Administrator\.gradle\caches\modules-2\files-2.1\org.lwjgl\lwjgl-stb\3.3.3\25dd6161988d7e65f71d5065c99902402ee32746\lwjgl-stb-3.3.3.jar, C:\Users\Administrator\.gradle\caches\modules-2\files-2.1\net.neoforged\JarJarSelector\0.4.1\fb3cc7a58af22ad2880adb98af6d518128c47dae\JarJarSelector-0.4.1.jar, C:\Users\Administrator\.gradle\caches\modules-2\files-2.1\io.netty\netty-common\4.1.97.Final\7cceacaf11df8dc63f23d0fb58e9d4640fc88404\netty-common-4.1.97.Final.jar, C:\Users\Administrator\.gradle\caches\modules-2\files-2.1\org.apache.commons\commons-lang3\3.14.0\1ed471194b02f2c6cb734a0cd6f6f107c673afae\commons-lang3-3.14.0.jar, C:\Users\Administrator\.gradle\caches\modules-2\files-2.1\net.neoforged.fancymodloader\earlydisplay\4.0.31\1aa78304adfb2e2830f6aa99d9c6bdebf0b14e0\earlydisplay-4.0.31.jar, C:\Users\Administrator\.gradle\caches\modules-2\files-2.1\org.lwjgl\lwjgl-openal\3.3.3\daada81ceb5fc0c291fbfdd4433cb8d9423577f2\lwjgl-openal-3.3.3.jar, C:\Users\Administrator\.gradle\caches\modules-2\files-2.1\com.mojang\authlib\6.0.54\de8bc95660e1b2fe8793fd427a7a10dcec5b3ea7\authlib-6.0.54.jar, C:\Users\Administrator\.gradle\caches\modules-2\files-2.1\org.lwjgl\lwjgl-stb\3.3.3\1d9facdf6541de114b0f963be33505b7679c78cb\lwjgl-stb-3.3.3-natives-windows.jar, C:\Users\Administrator\.gradle\caches\modules-2\files-2.1\org.codehaus.plexus\plexus-utils\3.3.0\cf43b5391de623b36fe066a21127baef82c64022\plexus-utils-3.3.0.jar, C:\Users\Administrator\.gradle\caches\modules-2\files-2.1\io.netty\netty-transport\4.1.97.Final\f37380d23c9bb079bc702910833b2fd532c9abd0\netty-transport-4.1.97.Final.jar, C:\Users\Administrator\Desktop\projects\Demis-Enigmatic-Dice\.gradle\repositories\ng_dummy_ng\net\minecraft\client\1.21.1\client-1.21.1-client-extra.jar, C:\Users\Administrator\.gradle\caches\modules-2\files-2.1\com.google.guava\failureaccess\1.0.1\1dcf1de382a0bf95a3d8b0849546c88bac1292c9\failureaccess-1.0.1.jar, C:\Users\Administrator\.gradle\caches\modules-2\files-2.1\org.lwjgl\lwjgl-freetype\3.3.3\a0db6c84a8becc8ca05f9dbfa985edc348a824c7\lwjgl-freetype-3.3.3.jar, C:\Users\Administrator\.gradle\caches\modules-2\files-2.1\com.google.guava\listenablefuture\9999.0-empty-to-avoid-conflict-with-guava\b421526c5f297295adef1c886e5246c39d4ac629\listenablefuture-9999.0-empty-to-avoid-conflict-with-guava.jar, C:\Users\Administrator\.gradle\caches\modules-2\files-2.1\io.netty\netty-resolver\4.1.97.Final\cec8348108dc76c47cf87c669d514be52c922144\netty-resolver-4.1.97.Final.jar, C:\Users\Administrator\.gradle\caches\modules-2\files-2.1\io.netty\netty-handler\4.1.97.Final\abb86c6906bf512bf2b797a41cd7d2e8d3cd7c36\netty-handler-4.1.97.Final.jar, C:\Users\Administrator\.gradle\caches\modules-2\files-2.1\net.minecrell\terminalconsoleappender\1.3.0\b562e9bb61235c9520e26282cdee71f8f802d1fc\terminalconsoleappender-1.3.0.jar, C:\Users\Administrator\.gradle\caches\modules-2\files-2.1\com.mojang\text2speech\1.17.9\3cad216e3a7f0c19b4b394388bc9ffc446f13b14\text2speech-1.17.9.jar, C:\Users\Administrator\.gradle\caches\modules-2\files-2.1\org.joml\joml\1.10.5\22566d58af70ad3d72308bab63b8339906deb649\joml-1.10.5.jar, C:\Users\Administrator\.gradle\caches\modules-2\files-2.1\com.ibm.icu\icu4j\73.2\61ad4ef7f9131fcf6d25c34b817f90d6da06c9e9\icu4j-73.2.jar, C:\Users\Administrator\.gradle\caches\modules-2\files-2.1\com.mojang\patchy\2.2.10\da05971b07cbb379d002cf7eaec6a2048211fefc\patchy-2.2.10.jar, C:\Users\Administrator\.gradle\caches\modules-2\files-2.1\cpw.mods\modlauncher\11.0.4\6619d4812a3c092310d521ebc4c9503727563df7\modlauncher-11.0.4.jar, C:\Users\Administrator\.gradle\caches\modules-2\files-2.1\net.sf.jopt-simple\jopt-simple\5.0.4\4fdac2fbe92dfad86aa6e9301736f6b4342a3f5c\jopt-simple-5.0.4.jar, C:\Users\Administrator\.gradle\caches\modules-2\files-2.1\org.lwjgl\lwjgl\3.3.3\29589b5f87ed335a6c7e7ee6a5775f81f97ecb84\lwjgl-3.3.3.jar, C:\Users\Administrator\.gradle\caches\modules-2\files-2.1\org.lwjgl\lwjgl-jemalloc\3.3.3\426222fc027602a5f21b9c0fe79cde6a4c7a011f\lwjgl-jemalloc-3.3.3-natives-windows.jar, C:\Users\Administrator\.gradle\caches\modules-2\files-2.1\org.lwjgl\lwjgl-freetype\3.3.3\15a8c1de7f51d07a92eae7ce1222557073a0c0c3\lwjgl-freetype-3.3.3-natives-windows-x86.jar, C:\Users\Administrator\.gradle\caches\modules-2\files-2.1\org.jetbrains\annotations\24.1.0\7af6a669488450c4a07c2c3254e2151df42d7d04\annotations-24.1.0.jar, C:\Users\Administrator\.gradle\caches\modules-2\files-2.1\com.google.code.findbugs\jsr305\3.0.2\25ea2e8b0c338a877313bd4672d3fe056ea78f0d\jsr305-3.0.2.jar, C:\Users\Administrator\.gradle\caches\modules-2\files-2.1\ca.weblite\java-objc-bridge\1.1\1227f9e0666314f9de41477e3ec277e542ed7f7b\java-objc-bridge-1.1.jar, C:\Users\Administrator\.gradle\caches\modules-2\files-2.1\net.neoforged.accesstransformers\at-modlauncher\10.0.1\5aba50202aceead086bc09fbc2751c9f05cb4890\at-modlauncher-10.0.1.jar, C:\Users\Administrator\.gradle\caches\modules-2\files-2.1\commons-codec\commons-codec\1.16.0\4e3eb3d79888d76b54e28b350915b5dc3919c9de\commons-codec-1.16.0.jar, C:\Users\Administrator\.gradle\caches\modules-2\files-2.1\it.unimi.dsi\fastutil\8.5.12\c24946d46824bd528054bface3231d2ecb7e95e8\fastutil-8.5.12.jar, C:\Users\Administrator\.gradle\caches\modules-2\files-2.1\net.java.dev.jna\jna-platform\5.14.0\28934d48aed814f11e4c584da55c49fa7032b31b\jna-platform-5.14.0.jar, C:\Users\Administrator\.gradle\caches\modules-2\files-2.1\net.neoforged\bus\8.0.2\163c9ef7c4bcca6d850c34e95261b606af91fe06\bus-8.0.2.jar, C:\Users\Administrator\.gradle\caches\modules-2\files-2.1\net.neoforged\JarJarMetadata\0.4.1\f8da03683dc81694556dc3e177c5e3bb77ae6fcb\JarJarMetadata-0.4.1.jar, C:\Users\Administrator\.gradle\caches\modules-2\files-2.1\com.mojang\brigadier\1.3.10\d15b53a14cf20fdcaa98f731af5dda654452c010\brigadier-1.3.10.jar, C:\Users\Administrator\.gradle\caches\modules-2\files-2.1\org.lwjgl\lwjgl-jemalloc\3.3.3\b543467b7ff3c6920539a88ee602d34098628be5\lwjgl-jemalloc-3.3.3.jar, C:\Users\Administrator\.gradle\caches\modules-2\files-2.1\com.machinezoo.noexception\noexception\1.7.1\b65330c98e38a1f915fa54a6e5eca496505e3f0a\noexception-1.7.1.jar, C:\Users\Administrator\.gradle\caches\modules-2\files-2.1\io.netty\netty-buffer\4.1.97.Final\f8f3d8644afa5e6e1a40a3a6aeb9d9aa970ecb4f\netty-buffer-4.1.97.Final.jar, C:\Users\Administrator\.gradle\caches\modules-2\files-2.1\org.lwjgl\lwjgl-glfw\3.3.3\32334f3fd5270a59bad9939a93115acb6de36dcf\lwjgl-glfw-3.3.3-natives-windows-x86.jar, C:\Users\Administrator\.gradle\caches\modules-2\files-2.1\org.apache.commons\commons-compress\1.26.0\659feffdd12280201c8aacb8f7be94f9a883c824\commons-compress-1.26.0.jar, C:\Users\Administrator\.gradle\caches\modules-2\files-2.1\org.apache.logging.log4j\log4j-slf4j2-impl\2.22.1\d7e6693c2606cb7e7335047d7bb96dec52db5665\log4j-slf4j2-impl-2.22.1.jar, C:\Users\Administrator\.gradle\caches\modules-2\files-2.1\commons-io\commons-io\2.15.1\f11560da189ab563a5c8e351941415430e9304ea\commons-io-2.15.1.jar, C:\Users\Administrator\.gradle\caches\modules-2\files-2.1\org.lwjgl\lwjgl-opengl\3.3.3\2f6b0147078396a58979125a4c947664e98293a\lwjgl-opengl-3.3.3.jar, C:\Users\Administrator\.gradle\caches\modules-2\files-2.1\com.mojang\datafixerupper\8.0.16\67d4de6d7f95d89bcf5862995fb854ebaec02a34\datafixerupper-8.0.16.jar, C:\Users\Administrator\.gradle\caches\modules-2\files-2.1\io.netty\netty-transport-classes-epoll\4.1.97.Final\795da37ded759e862457a82d9d92c4d39ce8ecee\netty-transport-classes-epoll-4.1.97.Final.jar, C:\Users\Administrator\.gradle\caches\modules-2\files-2.1\org.jline\jline-reader\3.20.0\8f15415b022a25b473e8e16c28ae913186ffb9c4\jline-reader-3.20.0.jar, C:\Users\Administrator\.gradle\caches\modules-2\files-2.1\com.google.code.gson\gson\2.10.1\b3add478d4382b78ea20b1671390a858002feb6c\gson-2.10.1.jar, C:\Users\Administrator\.gradle\caches\modules-2\files-2.1\com.google.errorprone\error_prone_annotations\2.18.0\89b684257096f548fa39a7df9fdaa409d4d4df91\error_prone_annotations-2.18.0.jar, C:\Users\Administrator\.gradle\caches\modules-2\files-2.1\org.apache.httpcomponents\httpcore\4.4.16\51cf043c87253c9f58b539c9f7e44c8894223850\httpcore-4.4.16.jar, C:\Users\Administrator\.gradle\caches\modules-2\files-2.1\org.antlr\antlr4-runtime\4.13.1\17125bae1d965624e265ef49552f6465a2bfa307\antlr4-runtime-4.13.1.jar, C:\Users\Administrator\.gradle\caches\modules-2\files-2.1\io.netty\netty-codec\4.1.97.Final\384ba4d75670befbedb45c4d3b497a93639c206d\netty-codec-4.1.97.Final.jar, C:\Users\Administrator\.gradle\caches\modules-2\files-2.1\com.google.j2objc\j2objc-annotations\2.8\c85270e307e7b822f1086b93689124b89768e273\j2objc-annotations-2.8.jar, C:\Users\Administrator\.gradle\caches\modules-2\files-2.1\org.lwjgl\lwjgl\3.3.3\9e670718e050aeaeea0c2d5b907cffb142f2e58f\lwjgl-3.3.3-natives-windows-x86.jar, C:\Users\Administrator\.gradle\caches\modules-2\files-2.1\org.lwjgl\lwjgl-tinyfd\3.3.3\82d755ca94b102e9ca77283b9e2dc46d1b15fbe5\lwjgl-tinyfd-3.3.3.jar, C:\Users\Administrator\.gradle\caches\modules-2\files-2.1\org.openjdk.nashorn\nashorn-core\15.4\f67f5ffaa5f5130cf6fb9b133da00c7df3b532a5\nashorn-core-15.4.jar, C:\Users\Administrator\.gradle\caches\modules-2\files-2.1\net.java.dev.jna\jna\5.14.0\67bf3eaea4f0718cb376a181a629e5f88fa1c9dd\jna-5.14.0.jar, C:\Users\Administrator\.gradle\caches\modules-2\files-2.1\net.neoforged\coremods\7.0.3\9147e6f638b4272b3bd5fc8f92ad37802512c6c\coremods-7.0.3.jar, C:\Users\Administrator\.gradle\caches\modules-2\files-2.1\net.neoforged\accesstransformers\10.0.1\fd83b5725f76eae9115e9355fa1c456a6a441400\accesstransformers-10.0.1.jar, C:\Users\Administrator\.gradle\caches\modules-2\files-2.1\net.neoforged.fancymodloader\loader\4.0.31\3218703063e576c5c1f3edcccc1f3c06cb95bf48\loader-4.0.31.jar, C:\Users\Administrator\.gradle\caches\modules-2\files-2.1\com.electronwill.night-config\core\3.8.0\2498dd2b3120dd49e963e2feab8fa5d0c5f80e0a\core-3.8.0.jar]
[19ago2026 16:39:10.842] [main/DEBUG] [net.neoforged.fml.loading.FMLServiceProvider/CORE]: Preparing launch handler
[19ago2026 16:39:10.843] [main/DEBUG] [net.neoforged.fml.loading.FMLLoader/CORE]: Using forgeclientuserdev as launch service
[19ago2026 16:39:10.843] [main/DEBUG] [net.neoforged.fml.common.asm.RuntimeDistCleaner/DISTXFORM]: Configuring for Dist CLIENT
[19ago2026 16:39:10.846] [main/DEBUG] [cpw.mods.modlauncher.TransformationServiceDecorator/MODLAUNCHER]: Initialized transformation service fml
[19ago2026 16:39:10.846] [main/DEBUG] [cpw.mods.modlauncher.TransformationServicesHandler/MODLAUNCHER]: Transformation services begin scanning
[19ago2026 16:39:10.846] [main/DEBUG] [cpw.mods.modlauncher.TransformationServiceDecorator/MODLAUNCHER]: Beginning scan trigger - transformation service mixin
[19ago2026 16:39:10.847] [main/DEBUG] [cpw.mods.modlauncher.TransformationServiceDecorator/MODLAUNCHER]: End scan trigger - transformation service mixin
[19ago2026 16:39:10.847] [main/DEBUG] [cpw.mods.modlauncher.TransformationServiceDecorator/MODLAUNCHER]: Beginning scan trigger - transformation service fml
[19ago2026 16:39:10.847] [main/DEBUG] [net.neoforged.fml.loading.FMLServiceProvider/CORE]: Initiating mod scan
[19ago2026 16:39:10.850] [main/DEBUG] [net.neoforged.fml.loading.targets.CommonLaunchHandler/CORE]: Got mod coordinates enigmaticdice%%C:\Users\Administrator\Desktop\projects\Demis-Enigmatic-Dice\build\resources\main;enigmaticdice%%C:\Users\Administrator\Desktop\projects\Demis-Enigmatic-Dice\build\classes\java\main from env
[19ago2026 16:39:10.850] [main/DEBUG] [net.neoforged.fml.loading.targets.CommonLaunchHandler/CORE]: Found supplied mod coordinates [{enigmaticdice=[C:\Users\Administrator\Desktop\projects\Demis-Enigmatic-Dice\build\resources\main, C:\Users\Administrator\Desktop\projects\Demis-Enigmatic-Dice\build\classes\java\main]}]
[19ago2026 16:39:10.866] [main/DEBUG] [net.neoforged.fml.util.ServiceLoaderUtil/CORE]: Found 4 implementations of IModFileCandidateLocator:
[19ago2026 16:39:10.867] [main/DEBUG] [net.neoforged.fml.util.ServiceLoaderUtil/CORE]: 	       0 - [built-in] net.neoforged.fml.loading.moddiscovery.locators.NeoForgeDevProvider from loader-4.0.31.jar
[19ago2026 16:39:10.867] [main/DEBUG] [net.neoforged.fml.util.ServiceLoaderUtil/CORE]: 	       0 - net.neoforged.fml.loading.moddiscovery.locators.ModsFolderLocator from loader-4.0.31.jar
[19ago2026 16:39:10.868] [main/DEBUG] [net.neoforged.fml.util.ServiceLoaderUtil/CORE]: 	       0 - net.neoforged.fml.loading.moddiscovery.locators.MavenDirectoryLocator from loader-4.0.31.jar
[19ago2026 16:39:10.868] [main/DEBUG] [net.neoforged.fml.util.ServiceLoaderUtil/CORE]: 	   -1000 - [built-in] net.neoforged.fml.loading.moddiscovery.locators.UserdevLocator from loader-4.0.31.jar
[19ago2026 16:39:10.870] [main/DEBUG] [net.neoforged.fml.util.ServiceLoaderUtil/CORE]: Found 2 implementations of IModFileReader:
[19ago2026 16:39:10.870] [main/DEBUG] [net.neoforged.fml.util.ServiceLoaderUtil/CORE]: 	       0 - net.neoforged.fml.loading.moddiscovery.readers.JarModsDotTomlModFileReader from loader-4.0.31.jar
[19ago2026 16:39:10.871] [main/DEBUG] [net.neoforged.fml.util.ServiceLoaderUtil/CORE]: 	   -1000 - net.neoforged.fml.loading.moddiscovery.readers.NestedLibraryModReader from loader-4.0.31.jar
[19ago2026 16:39:10.872] [main/DEBUG] [net.neoforged.fml.util.ServiceLoaderUtil/CORE]: Found 1 implementations of IDependencyLocator:
[19ago2026 16:39:10.872] [main/DEBUG] [net.neoforged.fml.util.ServiceLoaderUtil/CORE]: 	       0 - net.neoforged.fml.loading.moddiscovery.locators.JarInJarDependencyLocator from loader-4.0.31.jar
[19ago2026 16:39:10.873] [main/DEBUG] [net.neoforged.fml.loading.moddiscovery.ModDiscoverer/SCAN]: Scanning for mods and other resources to load. We know 4 ways to find mods
[19ago2026 16:39:10.873] [main/DEBUG] [net.neoforged.fml.loading.moddiscovery.ModDiscoverer/SCAN]: Trying locator neoforge devenv provider ([C:\Users\Administrator\Desktop\projects\Demis-Enigmatic-Dice\.gradle\repositories\ng_dummy_ng\net\neoforged\neoforge\21.1.73\neoforge-21.1.73.jar])
[19ago2026 16:39:10.986] [pool-2-thread-1/INFO] [EARLYDISPLAY/]: GL info: Intel(R) Iris(R) Xe Graphics GL version 4.6.0 - Build 32.0.101.6737, Intel
[19ago2026 16:39:11.103] [main/DEBUG] [net.neoforged.fml.loading.moddiscovery.ModFileInfo/LOADING]: Found valid mod file neoforge-21.1.73.jar with {minecraft} mods - versions {1.21.1}
[19ago2026 16:39:11.104] [main/INFO] [net.neoforged.fml.loading.moddiscovery.ModDiscoverer/SCAN]: Found mod file "neoforge-21.1.73.jar" [locator: neoforge devenv provider ([C:\Users\Administrator\Desktop\projects\Demis-Enigmatic-Dice\.gradle\repositories\ng_dummy_ng\net\neoforged\neoforge\21.1.73\neoforge-21.1.73.jar])]
[19ago2026 16:39:11.116] [main/DEBUG] [net.neoforged.fml.loading.moddiscovery.readers.JarModsDotTomlModFileReader/SCAN]: Found META-INF/neoforge.mods.toml mod of type null: C:\Users\Administrator\Desktop\projects\Demis-Enigmatic-Dice\.gradle\repositories\ng_dummy_ng\net\neoforged\neoforge\21.1.73\neoforge-21.1.73.jar
[19ago2026 16:39:11.116] [main/DEBUG] [net.neoforged.fml.loading.moddiscovery.ModFileParser/LOADING]: Considering mod file candidate C:\Users\Administrator\Desktop\projects\Demis-Enigmatic-Dice\.gradle\repositories\ng_dummy_ng\net\neoforged\neoforge\21.1.73\neoforge-21.1.73.jar
[19ago2026 16:39:11.133] [main/DEBUG] [net.neoforged.fml.loading.moddiscovery.ModFileInfo/LOADING]: Found valid mod file neoforge-21.1.73.jar with {neoforge} mods - versions {21.1.73}
[19ago2026 16:39:11.134] [main/INFO] [net.neoforged.fml.loading.moddiscovery.ModDiscoverer/SCAN]: Found mod file "neoforge-21.1.73.jar" [locator: neoforge devenv provider ([C:\Users\Administrator\Desktop\projects\Demis-Enigmatic-Dice\.gradle\repositories\ng_dummy_ng\net\neoforged\neoforge\21.1.73\neoforge-21.1.73.jar])]
[19ago2026 16:39:11.134] [main/DEBUG] [net.neoforged.fml.loading.moddiscovery.ModDiscoverer/SCAN]: Locator neoforge devenv provider ([C:\Users\Administrator\Desktop\projects\Demis-Enigmatic-Dice\.gradle\repositories\ng_dummy_ng\net\neoforged\neoforge\21.1.73\neoforge-21.1.73.jar]) found 2 mods, 0 warnings, 0 errors and skipped 0 candidates
[19ago2026 16:39:11.134] [main/DEBUG] [net.neoforged.fml.loading.moddiscovery.ModDiscoverer/SCAN]: Trying locator {mods folder locator at C:\Users\Administrator\Desktop\projects\Demis-Enigmatic-Dice\runs\client\mods}
[19ago2026 16:39:11.135] [main/DEBUG] [net.neoforged.fml.loading.moddiscovery.locators.ModsFolderLocator/SCAN]: Scanning mods dir C:\Users\Administrator\Desktop\projects\Demis-Enigmatic-Dice\runs\client\mods for mods
[19ago2026 16:39:11.137] [main/DEBUG] [net.neoforged.fml.loading.moddiscovery.ModDiscoverer/SCAN]: Locator {mods folder locator at C:\Users\Administrator\Desktop\projects\Demis-Enigmatic-Dice\runs\client\mods} found 0 mods, 0 warnings, 0 errors and skipped 0 candidates
[19ago2026 16:39:11.137] [main/DEBUG] [net.neoforged.fml.loading.moddiscovery.ModDiscoverer/SCAN]: Trying locator maven libs
[19ago2026 16:39:11.143] [main/DEBUG] [net.neoforged.fml.loading.moddiscovery.ModListHandler/CORE]: Found mod coordinates from lists: []
[19ago2026 16:39:11.144] [main/DEBUG] [net.neoforged.fml.loading.moddiscovery.ModDiscoverer/SCAN]: Locator maven libs found 0 mods, 0 warnings, 0 errors and skipped 0 candidates
[19ago2026 16:39:11.144] [main/DEBUG] [net.neoforged.fml.loading.moddiscovery.ModDiscoverer/SCAN]: Trying locator userdev mods and services
[19ago2026 16:39:11.150] [main/DEBUG] [net.neoforged.fml.loading.moddiscovery.readers.JarModsDotTomlModFileReader/SCAN]: Found META-INF/neoforge.mods.toml mod of type null: C:\Users\Administrator\Desktop\projects\Demis-Enigmatic-Dice\build\resources\main
[19ago2026 16:39:11.150] [main/DEBUG] [net.neoforged.fml.loading.moddiscovery.ModFileParser/LOADING]: Considering mod file candidate C:\Users\Administrator\Desktop\projects\Demis-Enigmatic-Dice\build\resources\main
[19ago2026 16:39:11.161] [main/DEBUG] [net.neoforged.fml.loading.moddiscovery.ModFileInfo/LOADING]: Found valid mod file main with {enigmaticdice} mods - versions {1.3.1-1.21.1}
[19ago2026 16:39:11.161] [main/INFO] [net.neoforged.fml.loading.moddiscovery.ModDiscoverer/SCAN]: Found mod file "main" [locator: userdev mods and services, reader: mod manifest]
[19ago2026 16:39:11.178] [main/DEBUG] [net.neoforged.fml.loading.moddiscovery.readers.JarModsDotTomlModFileReader/SCAN]: Found META-INF/neoforge.mods.toml mod of type null: C:\Users\Administrator\Desktop\projects\Demis-Enigmatic-Dice\.gradle\repositories\ng_dummy_ng\net\neoforged\neoforge\21.1.73\neoforge-21.1.73.jar
[19ago2026 16:39:11.179] [main/DEBUG] [net.neoforged.fml.loading.moddiscovery.ModFileParser/LOADING]: Considering mod file candidate C:\Users\Administrator\Desktop\projects\Demis-Enigmatic-Dice\.gradle\repositories\ng_dummy_ng\net\neoforged\neoforge\21.1.73\neoforge-21.1.73.jar
[19ago2026 16:39:11.181] [main/DEBUG] [net.neoforged.fml.loading.moddiscovery.ModFileInfo/LOADING]: Found valid mod file neoforge-21.1.73.jar with {neoforge} mods - versions {21.1.73}
[19ago2026 16:39:11.182] [main/INFO] [net.neoforged.fml.loading.moddiscovery.ModDiscoverer/SCAN]: Found mod file "neoforge-21.1.73.jar" [locator: userdev mods and services, reader: mod manifest]
[19ago2026 16:39:11.185] [main/DEBUG] [net.neoforged.fml.loading.moddiscovery.readers.JarModsDotTomlModFileReader/SCAN]: Found META-INF/neoforge.mods.toml mod of type null: C:\Users\Administrator\.gradle\caches\modules-2\files-2.1\curse.maven\curios-309927\6529130\418fcd42e3a7844c9bdc71c9b6401fdb3894e0c4\curios-309927-6529130.jar
[19ago2026 16:39:11.185] [main/DEBUG] [net.neoforged.fml.loading.moddiscovery.ModFileParser/LOADING]: Considering mod file candidate C:\Users\Administrator\.gradle\caches\modules-2\files-2.1\curse.maven\curios-309927\6529130\418fcd42e3a7844c9bdc71c9b6401fdb3894e0c4\curios-309927-6529130.jar
[19ago2026 16:39:11.188] [main/DEBUG] [net.neoforged.fml.loading.moddiscovery.ModFileInfo/LOADING]: Found valid mod file curios-309927-6529130.jar with {curios} mods - versions {9.5.1+1.21.1}
[19ago2026 16:39:11.188] [main/INFO] [net.neoforged.fml.loading.moddiscovery.ModDiscoverer/SCAN]: Found mod file "curios-309927-6529130.jar" [locator: userdev mods and services, reader: mod manifest]
[19ago2026 16:39:11.216] [main/DEBUG] [net.neoforged.fml.loading.moddiscovery.ModDiscoverer/]: Skipping C:\Users\Administrator\.gradle\caches\modules-2\files-2.1\net.neoforged.fancymodloader\earlydisplay\4.0.31\1aa78304adfb2e2830f6aa99d9c6bdebf0b14e0\earlydisplay-4.0.31.jar because it was already located earlier
[19ago2026 16:39:11.216] [main/DEBUG] [net.neoforged.fml.loading.moddiscovery.ModDiscoverer/]: Skipping C:\Users\Administrator\.gradle\caches\modules-2\files-2.1\net.neoforged.fancymodloader\loader\4.0.31\3218703063e576c5c1f3edcccc1f3c06cb95bf48\loader-4.0.31.jar because it was already located earlier
[19ago2026 16:39:11.217] [main/DEBUG] [net.neoforged.fml.loading.moddiscovery.ModDiscoverer/]: Skipping C:\Users\Administrator\.gradle\caches\modules-2\files-2.1\net.neoforged\coremods\7.0.3\9147e6f638b4272b3bd5fc8f92ad37802512c6c\coremods-7.0.3.jar because it was already located earlier
[19ago2026 16:39:11.217] [main/DEBUG] [net.neoforged.fml.loading.moddiscovery.ModDiscoverer/]: Skipping C:\Users\Administrator\.gradle\caches\modules-2\files-2.1\cpw.mods\modlauncher\11.0.4\6619d4812a3c092310d521ebc4c9503727563df7\modlauncher-11.0.4.jar because it was already located earlier
[19ago2026 16:39:11.217] [main/DEBUG] [net.neoforged.fml.loading.moddiscovery.ModDiscoverer/]: Skipping C:\Users\Administrator\.gradle\caches\modules-2\files-2.1\net.neoforged.accesstransformers\at-modlauncher\10.0.1\5aba50202aceead086bc09fbc2751c9f05cb4890\at-modlauncher-10.0.1.jar because it was already located earlier
[19ago2026 16:39:11.217] [main/DEBUG] [net.neoforged.fml.loading.moddiscovery.ModDiscoverer/]: Skipping C:\Users\Administrator\.gradle\caches\modules-2\files-2.1\net.neoforged\accesstransformers\10.0.1\fd83b5725f76eae9115e9355fa1c456a6a441400\accesstransformers-10.0.1.jar because it was already located earlier
[19ago2026 16:39:11.217] [main/DEBUG] [net.neoforged.fml.loading.moddiscovery.ModDiscoverer/]: Skipping C:\Users\Administrator\.gradle\caches\modules-2\files-2.1\org.openjdk.nashorn\nashorn-core\15.4\f67f5ffaa5f5130cf6fb9b133da00c7df3b532a5\nashorn-core-15.4.jar because it was already located earlier
[19ago2026 16:39:11.217] [main/DEBUG] [net.neoforged.fml.loading.moddiscovery.ModDiscoverer/]: Skipping C:\Users\Administrator\.gradle\caches\modules-2\files-2.1\net.neoforged\mergetool\2.0.3\1275202cbbb248f49345cf6787ce299afd9a02fb\mergetool-2.0.3-api.jar because it was already located earlier
[19ago2026 16:39:11.217] [main/DEBUG] [net.neoforged.fml.loading.moddiscovery.ModDiscoverer/]: Skipping C:\Users\Administrator\.gradle\caches\modules-2\files-2.1\net.neoforged\bus\8.0.2\163c9ef7c4bcca6d850c34e95261b606af91fe06\bus-8.0.2.jar because it was already located earlier
[19ago2026 16:39:11.217] [main/DEBUG] [net.neoforged.fml.loading.moddiscovery.ModDiscoverer/]: Skipping C:\Users\Administrator\.gradle\caches\modules-2\files-2.1\com.electronwill.night-config\toml\3.8.0\861dbcf2757dd6701c98b3949198549ccb5f62ff\toml-3.8.0.jar because it was already located earlier
[19ago2026 16:39:11.218] [main/DEBUG] [net.neoforged.fml.loading.moddiscovery.ModDiscoverer/]: Skipping C:\Users\Administrator\.gradle\caches\modules-2\files-2.1\com.electronwill.night-config\core\3.8.0\2498dd2b3120dd49e963e2feab8fa5d0c5f80e0a\core-3.8.0.jar because it was already located earlier
[19ago2026 16:39:11.218] [main/DEBUG] [net.neoforged.fml.loading.moddiscovery.ModDiscoverer/]: Skipping C:\Users\Administrator\.gradle\caches\modules-2\files-2.1\net.neoforged\JarJarSelector\0.4.1\fb3cc7a58af22ad2880adb98af6d518128c47dae\JarJarSelector-0.4.1.jar because it was already located earlier
[19ago2026 16:39:11.218] [main/DEBUG] [net.neoforged.fml.loading.moddiscovery.ModDiscoverer/]: Skipping C:\Users\Administrator\.gradle\caches\modules-2\files-2.1\net.neoforged\JarJarMetadata\0.4.1\f8da03683dc81694556dc3e177c5e3bb77ae6fcb\JarJarMetadata-0.4.1.jar because it was already located earlier
[19ago2026 16:39:11.218] [main/DEBUG] [net.neoforged.fml.loading.moddiscovery.ModDiscoverer/]: Skipping C:\Users\Administrator\.gradle\caches\modules-2\files-2.1\org.apache.maven\maven-artifact\3.8.5\4433f50c07debefaed0553bd0068f4f48d449313\maven-artifact-3.8.5.jar because it was already located earlier
[19ago2026 16:39:11.218] [main/DEBUG] [net.neoforged.fml.loading.moddiscovery.ModDiscoverer/]: Skipping C:\Users\Administrator\.gradle\caches\modules-2\files-2.1\net.jodah\typetools\0.6.3\a01aaa6ddaea9ec07ec4f209487b7a46a526283a\typetools-0.6.3.jar because it was already located earlier
[19ago2026 16:39:11.218] [main/DEBUG] [net.neoforged.fml.loading.moddiscovery.ModDiscoverer/]: Skipping C:\Users\Administrator\.gradle\caches\modules-2\files-2.1\net.minecrell\terminalconsoleappender\1.3.0\b562e9bb61235c9520e26282cdee71f8f802d1fc\terminalconsoleappender-1.3.0.jar because it was already located earlier
[19ago2026 16:39:11.218] [main/DEBUG] [net.neoforged.fml.loading.moddiscovery.ModDiscoverer/]: Skipping C:\Users\Administrator\.gradle\caches\modules-2\files-2.1\net.fabricmc\sponge-mixin\0.15.2+mixin.0.8.7\2af2f021d8e02a0220dc27a7a72b4666d66d44ca\sponge-mixin-0.15.2+mixin.0.8.7.jar because it was already located earlier
[19ago2026 16:39:11.218] [main/DEBUG] [net.neoforged.fml.loading.moddiscovery.ModDiscoverer/]: Skipping C:\Users\Administrator\.gradle\caches\modules-2\files-2.1\com.mojang\authlib\6.0.54\de8bc95660e1b2fe8793fd427a7a10dcec5b3ea7\authlib-6.0.54.jar because it was already located earlier
[19ago2026 16:39:11.218] [main/DEBUG] [net.neoforged.fml.loading.moddiscovery.ModDiscoverer/]: Skipping C:\Users\Administrator\.gradle\caches\modules-2\files-2.1\org.apache.commons\commons-compress\1.26.0\659feffdd12280201c8aacb8f7be94f9a883c824\commons-compress-1.26.0.jar because it was already located earlier
[19ago2026 16:39:11.218] [main/DEBUG] [net.neoforged.fml.loading.moddiscovery.ModDiscoverer/]: Skipping C:\Users\Administrator\.gradle\caches\modules-2\files-2.1\org.apache.commons\commons-lang3\3.14.0\1ed471194b02f2c6cb734a0cd6f6f107c673afae\commons-lang3-3.14.0.jar because it was already located earlier
[19ago2026 16:39:11.219] [main/DEBUG] [net.neoforged.fml.loading.moddiscovery.ModDiscoverer/]: Skipping C:\Users\Administrator\.gradle\caches\modules-2\files-2.1\com.mojang\logging\1.2.7\24cb95ffb0e3433fd6e844c04e68009e504ca1c0\logging-1.2.7.jar because it was already located earlier
[19ago2026 16:39:11.219] [main/DEBUG] [net.neoforged.fml.loading.moddiscovery.ModDiscoverer/]: Skipping C:\Users\Administrator\.gradle\caches\modules-2\files-2.1\org.apache.logging.log4j\log4j-slf4j2-impl\2.22.1\d7e6693c2606cb7e7335047d7bb96dec52db5665\log4j-slf4j2-impl-2.22.1.jar because it was already located earlier
[19ago2026 16:39:11.219] [main/DEBUG] [net.neoforged.fml.loading.moddiscovery.ModDiscoverer/]: Skipping C:\Users\Administrator\.gradle\caches\modules-2\files-2.1\org.apache.logging.log4j\log4j-core\2.22.1\7183a25510a02ad00cc6a95d3b3d2a7d3c5a8dc4\log4j-core-2.22.1.jar because it was already located earlier
[19ago2026 16:39:11.219] [main/DEBUG] [net.neoforged.fml.loading.moddiscovery.ModDiscoverer/]: Skipping C:\Users\Administrator\.gradle\caches\modules-2\files-2.1\org.apache.logging.log4j\log4j-api\2.22.1\bea6fede6328fabafd7e68363161a7ea6605abd1\log4j-api-2.22.1.jar because it was already located earlier
[19ago2026 16:39:11.222] [main/DEBUG] [net.neoforged.fml.loading.moddiscovery.readers.JarModsDotTomlModFileReader/SCAN]: Found META-INF/MANIFEST.MF mod of type GAMELIBRARY: C:\Users\Administrator\.gradle\caches\modules-2\files-2.1\io.github.llamalad7\mixinextras-neoforge\0.4.1\eff97772ecd0dcf8e52cdbafd3b3ccec425f8314\mixinextras-neoforge-0.4.1.jar
[19ago2026 16:39:11.225] [main/INFO] [net.neoforged.fml.loading.moddiscovery.ModDiscoverer/SCAN]: Found gamelibrary file "mixinextras-neoforge-0.4.1.jar" [locator: userdev mods and services, reader: mod manifest]
[19ago2026 16:39:11.226] [main/DEBUG] [net.neoforged.fml.loading.moddiscovery.ModDiscoverer/]: Skipping C:\Users\Administrator\.gradle\caches\modules-2\files-2.1\com.github.oshi\oshi-core\6.4.10\b1d8ab82d11d92fd639b56d639f8f46f739dd5fa\oshi-core-6.4.10.jar because it was already located earlier
[19ago2026 16:39:11.226] [main/DEBUG] [net.neoforged.fml.loading.moddiscovery.ModDiscoverer/]: Skipping C:\Users\Administrator\.gradle\caches\modules-2\files-2.1\com.mojang\datafixerupper\8.0.16\67d4de6d7f95d89bcf5862995fb854ebaec02a34\datafixerupper-8.0.16.jar because it was already located earlier
[19ago2026 16:39:11.226] [main/DEBUG] [net.neoforged.fml.loading.moddiscovery.ModDiscoverer/]: Skipping C:\Users\Administrator\.gradle\caches\modules-2\files-2.1\com.mojang\text2speech\1.17.9\3cad216e3a7f0c19b4b394388bc9ffc446f13b14\text2speech-1.17.9.jar because it was already located earlier
[19ago2026 16:39:11.226] [main/DEBUG] [net.neoforged.fml.loading.moddiscovery.ModDiscoverer/]: Skipping C:\Users\Administrator\.gradle\caches\modules-2\files-2.1\org.slf4j\slf4j-api\2.0.9\7cf2726fdcfbc8610f9a71fb3ed639871f315340\slf4j-api-2.0.9.jar because it was already located earlier
[19ago2026 16:39:11.227] [main/DEBUG] [net.neoforged.fml.loading.moddiscovery.ModDiscoverer/]: Skipping C:\Users\Administrator\.gradle\caches\modules-2\files-2.1\com.google.code.gson\gson\2.10.1\b3add478d4382b78ea20b1671390a858002feb6c\gson-2.10.1.jar because it was already located earlier
[19ago2026 16:39:11.227] [main/DEBUG] [net.neoforged.fml.loading.moddiscovery.ModDiscoverer/]: Skipping C:\Users\Administrator\.gradle\caches\modules-2\files-2.1\com.mojang\patchy\2.2.10\da05971b07cbb379d002cf7eaec6a2048211fefc\patchy-2.2.10.jar because it was already located earlier
[19ago2026 16:39:11.227] [main/DEBUG] [net.neoforged.fml.loading.moddiscovery.ModDiscoverer/]: Skipping C:\Users\Administrator\.gradle\caches\modules-2\files-2.1\com.google.guava\guava\32.1.2-jre\5e64ec7e056456bef3a4bc4c6fdaef71e8ab6318\guava-32.1.2-jre.jar because it was already located earlier
[19ago2026 16:39:11.227] [main/DEBUG] [net.neoforged.fml.loading.moddiscovery.ModDiscoverer/]: Skipping C:\Users\Administrator\.gradle\caches\modules-2\files-2.1\com.google.guava\failureaccess\1.0.1\1dcf1de382a0bf95a3d8b0849546c88bac1292c9\failureaccess-1.0.1.jar because it was already located earlier
[19ago2026 16:39:11.227] [main/DEBUG] [net.neoforged.fml.loading.moddiscovery.ModDiscoverer/]: Skipping C:\Users\Administrator\.gradle\caches\modules-2\files-2.1\com.google.guava\listenablefuture\9999.0-empty-to-avoid-conflict-with-guava\b421526c5f297295adef1c886e5246c39d4ac629\listenablefuture-9999.0-empty-to-avoid-conflict-with-guava.jar because it was already located earlier
[19ago2026 16:39:11.227] [main/DEBUG] [net.neoforged.fml.loading.moddiscovery.ModDiscoverer/]: Skipping C:\Users\Administrator\.gradle\caches\modules-2\files-2.1\com.google.code.findbugs\jsr305\3.0.2\25ea2e8b0c338a877313bd4672d3fe056ea78f0d\jsr305-3.0.2.jar because it was already located earlier
[19ago2026 16:39:11.227] [main/DEBUG] [net.neoforged.fml.loading.moddiscovery.ModDiscoverer/]: Skipping C:\Users\Administrator\.gradle\caches\modules-2\files-2.1\org.checkerframework\checker-qual\3.33.0\de2b60b62da487644fc11f734e73c8b0b431238f\checker-qual-3.33.0.jar because it was already located earlier
[19ago2026 16:39:11.227] [main/DEBUG] [net.neoforged.fml.loading.moddiscovery.ModDiscoverer/]: Skipping C:\Users\Administrator\.gradle\caches\modules-2\files-2.1\com.google.errorprone\error_prone_annotations\2.18.0\89b684257096f548fa39a7df9fdaa409d4d4df91\error_prone_annotations-2.18.0.jar because it was already located earlier
[19ago2026 16:39:11.227] [main/DEBUG] [net.neoforged.fml.loading.moddiscovery.ModDiscoverer/]: Skipping C:\Users\Administrator\.gradle\caches\modules-2\files-2.1\com.google.j2objc\j2objc-annotations\2.8\c85270e307e7b822f1086b93689124b89768e273\j2objc-annotations-2.8.jar because it was already located earlier
[19ago2026 16:39:11.227] [main/DEBUG] [net.neoforged.fml.loading.moddiscovery.ModDiscoverer/]: Skipping C:\Users\Administrator\.gradle\caches\modules-2\files-2.1\commons-io\commons-io\2.15.1\f11560da189ab563a5c8e351941415430e9304ea\commons-io-2.15.1.jar because it was already located earlier
[19ago2026 16:39:11.228] [main/DEBUG] [net.neoforged.fml.loading.moddiscovery.ModDiscoverer/]: Skipping C:\Users\Administrator\.gradle\caches\modules-2\files-2.1\net.sf.jopt-simple\jopt-simple\5.0.4\4fdac2fbe92dfad86aa6e9301736f6b4342a3f5c\jopt-simple-5.0.4.jar because it was already located earlier
[19ago2026 16:39:11.228] [main/DEBUG] [net.neoforged.fml.loading.moddiscovery.ModDiscoverer/]: Skipping C:\Users\Administrator\.gradle\caches\modules-2\files-2.1\net.minecraftforge\srgutils\0.4.15\ca408b131759478f164e010fae0d73997e125fb5\srgutils-0.4.15.jar because it was already located earlier
[19ago2026 16:39:11.228] [main/DEBUG] [net.neoforged.fml.loading.moddiscovery.ModDiscoverer/]: Skipping C:\Users\Administrator\.gradle\caches\modules-2\files-2.1\org.antlr\antlr4-runtime\4.13.1\17125bae1d965624e265ef49552f6465a2bfa307\antlr4-runtime-4.13.1.jar because it was already located earlier
[19ago2026 16:39:11.228] [main/DEBUG] [net.neoforged.fml.loading.moddiscovery.ModDiscoverer/]: Skipping C:\Users\Administrator\.gradle\caches\modules-2\files-2.1\org.jline\jline-reader\3.20.0\8f15415b022a25b473e8e16c28ae913186ffb9c4\jline-reader-3.20.0.jar because it was already located earlier
[19ago2026 16:39:11.228] [main/DEBUG] [net.neoforged.fml.loading.moddiscovery.ModDiscoverer/]: Skipping C:\Users\Administrator\.gradle\caches\modules-2\files-2.1\org.jline\jline-terminal\3.20.0\d0ddcc708ddf527a3454c941b7b9225cc83a15ff\jline-terminal-3.20.0.jar because it was already located earlier
[19ago2026 16:39:11.228] [main/DEBUG] [net.neoforged.fml.loading.moddiscovery.ModDiscoverer/]: Skipping C:\Users\Administrator\.gradle\caches\modules-2\files-2.1\org.codehaus.plexus\plexus-utils\3.3.0\cf43b5391de623b36fe066a21127baef82c64022\plexus-utils-3.3.0.jar because it was already located earlier
[19ago2026 16:39:11.228] [main/DEBUG] [net.neoforged.fml.loading.moddiscovery.ModDiscoverer/]: Skipping C:\Users\Administrator\.gradle\caches\modules-2\files-2.1\com.machinezoo.noexception\noexception\1.7.1\b65330c98e38a1f915fa54a6e5eca496505e3f0a\noexception-1.7.1.jar because it was already located earlier
[19ago2026 16:39:11.229] [main/DEBUG] [net.neoforged.fml.loading.moddiscovery.ModDiscoverer/]: Skipping C:\Users\Administrator\Desktop\projects\Demis-Enigmatic-Dice\.gradle\repositories\ng_dummy_ng\net\minecraft\client\1.21.1\client-1.21.1-client-extra.jar because it was already located earlier
[19ago2026 16:39:11.229] [main/DEBUG] [net.neoforged.fml.loading.moddiscovery.ModDiscoverer/]: Skipping C:\Users\Administrator\.gradle\caches\modules-2\files-2.1\com.ibm.icu\icu4j\73.2\61ad4ef7f9131fcf6d25c34b817f90d6da06c9e9\icu4j-73.2.jar because it was already located earlier
[19ago2026 16:39:11.229] [main/DEBUG] [net.neoforged.fml.loading.moddiscovery.ModDiscoverer/]: Skipping C:\Users\Administrator\.gradle\caches\modules-2\files-2.1\com.mojang\blocklist\1.0.10\5c685c5ffa94c4cd39496c7184c1d122e515ecef\blocklist-1.0.10.jar because it was already located earlier
[19ago2026 16:39:11.229] [main/DEBUG] [net.neoforged.fml.loading.moddiscovery.ModDiscoverer/]: Skipping C:\Users\Administrator\.gradle\caches\modules-2\files-2.1\com.mojang\brigadier\1.3.10\d15b53a14cf20fdcaa98f731af5dda654452c010\brigadier-1.3.10.jar because it was already located earlier
[19ago2026 16:39:11.229] [main/DEBUG] [net.neoforged.fml.loading.moddiscovery.ModDiscoverer/]: Skipping C:\Users\Administrator\.gradle\caches\modules-2\files-2.1\org.apache.httpcomponents\httpclient\4.5.13\e5f6cae5ca7ecaac1ec2827a9e2d65ae2869cada\httpclient-4.5.13.jar because it was already located earlier
[19ago2026 16:39:11.229] [main/DEBUG] [net.neoforged.fml.loading.moddiscovery.ModDiscoverer/]: Skipping C:\Users\Administrator\.gradle\caches\modules-2\files-2.1\commons-codec\commons-codec\1.16.0\4e3eb3d79888d76b54e28b350915b5dc3919c9de\commons-codec-1.16.0.jar because it was already located earlier
[19ago2026 16:39:11.229] [main/DEBUG] [net.neoforged.fml.loading.moddiscovery.ModDiscoverer/]: Skipping C:\Users\Administrator\.gradle\caches\modules-2\files-2.1\commons-logging\commons-logging\1.2\4bfc12adfe4842bf07b657f0369c4cb522955686\commons-logging-1.2.jar because it was already located earlier
[19ago2026 16:39:11.229] [main/DEBUG] [net.neoforged.fml.loading.moddiscovery.ModDiscoverer/]: Skipping C:\Users\Administrator\.gradle\caches\modules-2\files-2.1\io.netty\netty-handler\4.1.97.Final\abb86c6906bf512bf2b797a41cd7d2e8d3cd7c36\netty-handler-4.1.97.Final.jar because it was already located earlier
[19ago2026 16:39:11.229] [main/DEBUG] [net.neoforged.fml.loading.moddiscovery.ModDiscoverer/]: Skipping C:\Users\Administrator\.gradle\caches\modules-2\files-2.1\io.netty\netty-codec\4.1.97.Final\384ba4d75670befbedb45c4d3b497a93639c206d\netty-codec-4.1.97.Final.jar because it was already located earlier
[19ago2026 16:39:11.229] [main/DEBUG] [net.neoforged.fml.loading.moddiscovery.ModDiscoverer/]: Skipping C:\Users\Administrator\.gradle\caches\modules-2\files-2.1\io.netty\netty-transport-classes-epoll\4.1.97.Final\795da37ded759e862457a82d9d92c4d39ce8ecee\netty-transport-classes-epoll-4.1.97.Final.jar because it was already located earlier
[19ago2026 16:39:11.229] [main/DEBUG] [net.neoforged.fml.loading.moddiscovery.ModDiscoverer/]: Skipping C:\Users\Administrator\.gradle\caches\modules-2\files-2.1\io.netty\netty-transport-native-unix-common\4.1.97.Final\d469d84265ab70095b01b40886cabdd433b6e664\netty-transport-native-unix-common-4.1.97.Final.jar because it was already located earlier
[19ago2026 16:39:11.230] [main/DEBUG] [net.neoforged.fml.loading.moddiscovery.ModDiscoverer/]: Skipping C:\Users\Administrator\.gradle\caches\modules-2\files-2.1\io.netty\netty-transport\4.1.97.Final\f37380d23c9bb079bc702910833b2fd532c9abd0\netty-transport-4.1.97.Final.jar because it was already located earlier
[19ago2026 16:39:11.230] [main/DEBUG] [net.neoforged.fml.loading.moddiscovery.ModDiscoverer/]: Skipping C:\Users\Administrator\.gradle\caches\modules-2\files-2.1\io.netty\netty-buffer\4.1.97.Final\f8f3d8644afa5e6e1a40a3a6aeb9d9aa970ecb4f\netty-buffer-4.1.97.Final.jar because it was already located earlier
[19ago2026 16:39:11.230] [main/DEBUG] [net.neoforged.fml.loading.moddiscovery.ModDiscoverer/]: Skipping C:\Users\Administrator\.gradle\caches\modules-2\files-2.1\io.netty\netty-resolver\4.1.97.Final\cec8348108dc76c47cf87c669d514be52c922144\netty-resolver-4.1.97.Final.jar because it was already located earlier
[19ago2026 16:39:11.230] [main/DEBUG] [net.neoforged.fml.loading.moddiscovery.ModDiscoverer/]: Skipping C:\Users\Administrator\.gradle\caches\modules-2\files-2.1\io.netty\netty-common\4.1.97.Final\7cceacaf11df8dc63f23d0fb58e9d4640fc88404\netty-common-4.1.97.Final.jar because it was already located earlier
[19ago2026 16:39:11.230] [main/DEBUG] [net.neoforged.fml.loading.moddiscovery.ModDiscoverer/]: Skipping C:\Users\Administrator\.gradle\caches\modules-2\files-2.1\it.unimi.dsi\fastutil\8.5.12\c24946d46824bd528054bface3231d2ecb7e95e8\fastutil-8.5.12.jar because it was already located earlier
[19ago2026 16:39:11.230] [main/DEBUG] [net.neoforged.fml.loading.moddiscovery.ModDiscoverer/]: Skipping C:\Users\Administrator\.gradle\caches\modules-2\files-2.1\net.java.dev.jna\jna-platform\5.14.0\28934d48aed814f11e4c584da55c49fa7032b31b\jna-platform-5.14.0.jar because it was already located earlier
[19ago2026 16:39:11.230] [main/DEBUG] [net.neoforged.fml.loading.moddiscovery.ModDiscoverer/]: Skipping C:\Users\Administrator\.gradle\caches\modules-2\files-2.1\ca.weblite\java-objc-bridge\1.1\1227f9e0666314f9de41477e3ec277e542ed7f7b\java-objc-bridge-1.1.jar because it was already located earlier
[19ago2026 16:39:11.230] [main/DEBUG] [net.neoforged.fml.loading.moddiscovery.ModDiscoverer/]: Skipping C:\Users\Administrator\.gradle\caches\modules-2\files-2.1\net.java.dev.jna\jna\5.14.0\67bf3eaea4f0718cb376a181a629e5f88fa1c9dd\jna-5.14.0.jar because it was already located earlier
[19ago2026 16:39:11.230] [main/DEBUG] [net.neoforged.fml.loading.moddiscovery.ModDiscoverer/]: Skipping C:\Users\Administrator\.gradle\caches\modules-2\files-2.1\org.apache.httpcomponents\httpcore\4.4.16\51cf043c87253c9f58b539c9f7e44c8894223850\httpcore-4.4.16.jar because it was already located earlier
[19ago2026 16:39:11.230] [main/DEBUG] [net.neoforged.fml.loading.moddiscovery.ModDiscoverer/]: Skipping C:\Users\Administrator\.gradle\caches\modules-2\files-2.1\org.jcraft\jorbis\0.0.17\8872d22b293e8f5d7d56ff92be966e6dc28ebdc6\jorbis-0.0.17.jar because it was already located earlier
[19ago2026 16:39:11.230] [main/DEBUG] [net.neoforged.fml.loading.moddiscovery.ModDiscoverer/]: Skipping C:\Users\Administrator\.gradle\caches\modules-2\files-2.1\org.joml\joml\1.10.5\22566d58af70ad3d72308bab63b8339906deb649\joml-1.10.5.jar because it was already located earlier
[19ago2026 16:39:11.231] [main/DEBUG] [net.neoforged.fml.loading.moddiscovery.ModDiscoverer/]: Skipping C:\Users\Administrator\.gradle\caches\modules-2\files-2.1\org.lwjgl\lwjgl-freetype\3.3.3\a0db6c84a8becc8ca05f9dbfa985edc348a824c7\lwjgl-freetype-3.3.3.jar because it was already located earlier
[19ago2026 16:39:11.237] [main/DEBUG] [net.neoforged.fml.loading.moddiscovery.ModDiscoverer/]: Skipping C:\Users\Administrator\.gradle\caches\modules-2\files-2.1\org.lwjgl\lwjgl-freetype\3.3.3\15a8c1de7f51d07a92eae7ce1222557073a0c0c3\lwjgl-freetype-3.3.3-natives-windows-x86.jar because it was already located earlier
[19ago2026 16:39:11.237] [main/DEBUG] [net.neoforged.fml.loading.moddiscovery.ModDiscoverer/]: Skipping C:\Users\Administrator\.gradle\caches\modules-2\files-2.1\org.lwjgl\lwjgl-glfw\3.3.3\efa1eb78c5ccd840e9f329717109b5e892d72f8e\lwjgl-glfw-3.3.3.jar because it was already located earlier
[19ago2026 16:39:11.244] [main/DEBUG] [net.neoforged.fml.loading.moddiscovery.ModDiscoverer/]: Skipping C:\Users\Administrator\.gradle\caches\modules-2\files-2.1\org.lwjgl\lwjgl-glfw\3.3.3\32334f3fd5270a59bad9939a93115acb6de36dcf\lwjgl-glfw-3.3.3-natives-windows-x86.jar because it was already located earlier
[19ago2026 16:39:11.244] [main/DEBUG] [net.neoforged.fml.loading.moddiscovery.ModDiscoverer/]: Skipping C:\Users\Administrator\.gradle\caches\modules-2\files-2.1\org.lwjgl\lwjgl-jemalloc\3.3.3\b543467b7ff3c6920539a88ee602d34098628be5\lwjgl-jemalloc-3.3.3.jar because it was already located earlier
[19ago2026 16:39:11.244] [main/DEBUG] [net.neoforged.fml.loading.moddiscovery.ModDiscoverer/]: Skipping C:\Users\Administrator\.gradle\caches\modules-2\files-2.1\org.lwjgl\lwjgl-jemalloc\3.3.3\426222fc027602a5f21b9c0fe79cde6a4c7a011f\lwjgl-jemalloc-3.3.3-natives-windows.jar because it was already located earlier
[19ago2026 16:39:11.251] [main/DEBUG] [net.neoforged.fml.loading.moddiscovery.ModDiscoverer/]: Skipping C:\Users\Administrator\.gradle\caches\modules-2\files-2.1\org.lwjgl\lwjgl-openal\3.3.3\daada81ceb5fc0c291fbfdd4433cb8d9423577f2\lwjgl-openal-3.3.3.jar because it was already located earlier
[19ago2026 16:39:11.258] [main/DEBUG] [net.neoforged.fml.loading.moddiscovery.ModDiscoverer/]: Skipping C:\Users\Administrator\.gradle\caches\modules-2\files-2.1\org.lwjgl\lwjgl-openal\3.3.3\87b8d5050e3adb46bb58fe1cb2669a4a48fce10d\lwjgl-openal-3.3.3-natives-windows-x86.jar because it was already located earlier
[19ago2026 16:39:11.258] [main/DEBUG] [net.neoforged.fml.loading.moddiscovery.ModDiscoverer/]: Skipping C:\Users\Administrator\.gradle\caches\modules-2\files-2.1\org.lwjgl\lwjgl-opengl\3.3.3\2f6b0147078396a58979125a4c947664e98293a\lwjgl-opengl-3.3.3.jar because it was already located earlier
[19ago2026 16:39:11.262] [main/DEBUG] [net.neoforged.fml.loading.moddiscovery.ModDiscoverer/]: Skipping C:\Users\Administrator\.gradle\caches\modules-2\files-2.1\org.lwjgl\lwjgl-opengl\3.3.3\65e956d3735a1abdc82eff4baec1b61174697d4b\lwjgl-opengl-3.3.3-natives-windows-arm64.jar because it was already located earlier
[19ago2026 16:39:11.265] [main/DEBUG] [net.neoforged.fml.loading.moddiscovery.ModDiscoverer/]: Skipping C:\Users\Administrator\.gradle\caches\modules-2\files-2.1\org.lwjgl\lwjgl-stb\3.3.3\25dd6161988d7e65f71d5065c99902402ee32746\lwjgl-stb-3.3.3.jar because it was already located earlier
[19ago2026 16:39:11.265] [main/DEBUG] [net.neoforged.fml.loading.moddiscovery.ModDiscoverer/]: Skipping C:\Users\Administrator\.gradle\caches\modules-2\files-2.1\org.lwjgl\lwjgl-stb\3.3.3\1d9facdf6541de114b0f963be33505b7679c78cb\lwjgl-stb-3.3.3-natives-windows.jar because it was already located earlier
[19ago2026 16:39:11.272] [main/DEBUG] [net.neoforged.fml.loading.moddiscovery.ModDiscoverer/]: Skipping C:\Users\Administrator\.gradle\caches\modules-2\files-2.1\org.lwjgl\lwjgl-tinyfd\3.3.3\82d755ca94b102e9ca77283b9e2dc46d1b15fbe5\lwjgl-tinyfd-3.3.3.jar because it was already located earlier
[19ago2026 16:39:11.272] [main/DEBUG] [net.neoforged.fml.loading.moddiscovery.ModDiscoverer/]: Skipping C:\Users\Administrator\.gradle\caches\modules-2\files-2.1\org.lwjgl\lwjgl-tinyfd\3.3.3\a6697981b0449a5087c1d546fc08b4f73e8f98c9\lwjgl-tinyfd-3.3.3-natives-windows.jar because it was already located earlier
[19ago2026 16:39:11.279] [main/DEBUG] [net.neoforged.fml.loading.moddiscovery.ModDiscoverer/]: Skipping C:\Users\Administrator\.gradle\caches\modules-2\files-2.1\org.lwjgl\lwjgl\3.3.3\29589b5f87ed335a6c7e7ee6a5775f81f97ecb84\lwjgl-3.3.3.jar because it was already located earlier
[19ago2026 16:39:11.285] [main/DEBUG] [net.neoforged.fml.loading.moddiscovery.ModDiscoverer/]: Skipping C:\Users\Administrator\.gradle\caches\modules-2\files-2.1\org.lwjgl\lwjgl\3.3.3\9e670718e050aeaeea0c2d5b907cffb142f2e58f\lwjgl-3.3.3-natives-windows-x86.jar because it was already located earlier
[19ago2026 16:39:11.285] [main/DEBUG] [net.neoforged.fml.loading.moddiscovery.ModDiscoverer/]: Skipping C:\Users\Administrator\.gradle\caches\modules-2\files-2.1\org.lz4\lz4-java\1.8.0\4b986a99445e49ea5fbf5d149c4b63f6ed6c6780\lz4-java-1.8.0.jar because it was already located earlier
[19ago2026 16:39:11.285] [main/DEBUG] [net.neoforged.fml.loading.moddiscovery.ModDiscoverer/]: Skipping C:\Users\Administrator\.gradle\caches\modules-2\files-2.1\org.jetbrains\annotations\24.1.0\7af6a669488450c4a07c2c3254e2151df42d7d04\annotations-24.1.0.jar because it was already located earlier
[19ago2026 16:39:11.286] [main/DEBUG] [net.neoforged.fml.loading.moddiscovery.ModDiscoverer/SCAN]: Locator userdev mods and services found 4 mods, 0 warnings, 0 errors and skipped 85 candidates
[19ago2026 16:39:11.289] [main/DEBUG] [net.neoforged.fml.loading.UniqueModListBuilder/]: Found 2 mods for first modid neoforge, selecting most recent based on version data
[19ago2026 16:39:11.289] [main/DEBUG] [net.neoforged.fml.loading.UniqueModListBuilder/]: Selected file neoforge-21.1.73.jar for modid neoforge with version 21.1.73
[19ago2026 16:39:11.295] [main/DEBUG] [net.neoforged.fml.loading.moddiscovery.ModDiscoverer/SCAN]: Successfully Loaded 5 mods. Attempting to load dependencies...
[19ago2026 16:39:11.295] [main/DEBUG] [net.neoforged.fml.loading.moddiscovery.ModDiscoverer/SCAN]: Trying locator jarinjar
[19ago2026 16:39:11.299] [main/TRACE] [net.neoforged.fml.loading.moddiscovery.locators.JarInJarDependencyLocator/]: Failed to load resource META-INF\jarjar\metadata.json from neoforge-21.1.73.jar, it does not contain dependency information.
[19ago2026 16:39:11.299] [main/TRACE] [net.neoforged.fml.loading.moddiscovery.locators.JarInJarDependencyLocator/]: Failed to load resource META-INF\jarjar\metadata.json from mixinextras-neoforge-0.4.1.jar, it does not contain dependency information.
[19ago2026 16:39:11.300] [main/TRACE] [net.neoforged.fml.loading.moddiscovery.locators.JarInJarDependencyLocator/]: Failed to load resource META-INF\jarjar\metadata.json from curios-309927-6529130.jar, it does not contain dependency information.
[19ago2026 16:39:11.300] [main/TRACE] [net.neoforged.fml.loading.moddiscovery.locators.JarInJarDependencyLocator/]: Failed to load resource META-INF\jarjar\metadata.json from main, it does not contain dependency information.
[19ago2026 16:39:11.411] [main/DEBUG] [net.neoforged.fml.loading.moddiscovery.readers.JarModsDotTomlModFileReader/SCAN]: Found META-INF/MANIFEST.MF mod of type GAMELIBRARY: 
[19ago2026 16:39:11.415] [main/DEBUG] [net.neoforged.fml.loading.moddiscovery.readers.JarModsDotTomlModFileReader/SCAN]: Found META-INF/MANIFEST.MF mod of type LIBRARY: 
[19ago2026 16:39:11.415] [main/TRACE] [net.neoforged.fml.loading.moddiscovery.locators.JarInJarDependencyLocator/]: Failed to load resource META-INF\jarjar\metadata.json from mixinextras-neoforge-0.4.1.jar, it does not contain dependency information.
[19ago2026 16:39:11.416] [main/TRACE] [net.neoforged.fml.loading.moddiscovery.locators.JarInJarDependencyLocator/]: Failed to load resource META-INF\jarjar\metadata.json from neoforge-coremods-21.1.73.jar, it does not contain dependency information.
[19ago2026 16:39:11.463] [main/DEBUG] [net.neoforged.fml.loading.moddiscovery.readers.JarModsDotTomlModFileReader/SCAN]: Found META-INF/MANIFEST.MF mod of type LIBRARY: 
[19ago2026 16:39:11.467] [main/DEBUG] [net.neoforged.fml.loading.moddiscovery.readers.JarModsDotTomlModFileReader/SCAN]: Found META-INF/MANIFEST.MF mod of type GAMELIBRARY: 
[19ago2026 16:39:11.469] [main/WARN] [net.neoforged.jarjar.selection.JarSelector/]: Attempted to select a dependency jar for JarJar which was passed in as source: library:mixinextras.neoforge. Using Mod File: C:\Users\Administrator\.gradle\caches\modules-2\files-2.1\io.github.llamalad7\mixinextras-neoforge\0.4.1\eff97772ecd0dcf8e52cdbafd3b3ccec425f8314\mixinextras-neoforge-0.4.1.jar
[19ago2026 16:39:11.470] [main/INFO] [net.neoforged.fml.loading.moddiscovery.locators.JarInJarDependencyLocator/]: Found 1 dependencies adding them to mods collection
[19ago2026 16:39:11.470] [main/INFO] [net.neoforged.fml.loading.moddiscovery.ModDiscoverer/SCAN]: Found library file "neoforge-coremods-21.1.73.jar" [parent: neoforge-21.1.73.jar, locator: jarinjar, reader: mod manifest]
[19ago2026 16:39:11.473] [main/INFO] [net.neoforged.fml.loading.moddiscovery.ModDiscoverer/]: 
     Mod List:
		Name Version (Mod Id)

		Curios API 9.5.1+1.21.1 (curios)
		Enigmatic Dice 1.3.1-1.21.1 (enigmaticdice)
		Minecraft 1.21.1 (minecraft)
		NeoForge 21.1.73 (neoforge)
[19ago2026 16:39:11.475] [main/DEBUG] [net.neoforged.fml.loading.moddiscovery.ModFileInfo/LOADING]: Found valid mod file neoforge-21.1.73.jar with {minecraft} mods - versions {1.21.1}
[19ago2026 16:39:11.479] [main/DEBUG] [net.neoforged.fml.loading.moddiscovery.ModFile/LOADING]: Loading mod file C:\Users\Administrator\Desktop\projects\Demis-Enigmatic-Dice\.gradle\repositories\ng_dummy_ng\net\neoforged\neoforge\21.1.73\neoforge-21.1.73.jar with languages [LanguageSpec[languageName=minecraft, acceptedVersions=1]]
[19ago2026 16:39:11.481] [main/DEBUG] [net.neoforged.fml.loading.moddiscovery.ModFileParser/LOADING]: Considering mod file candidate C:\Users\Administrator\.gradle\caches\modules-2\files-2.1\curse.maven\curios-309927\6529130\418fcd42e3a7844c9bdc71c9b6401fdb3894e0c4\curios-309927-6529130.jar
[19ago2026 16:39:11.484] [main/DEBUG] [net.neoforged.fml.loading.moddiscovery.ModFileInfo/LOADING]: Found valid mod file curios-309927-6529130.jar with {curios} mods - versions {9.5.1+1.21.1}
[19ago2026 16:39:11.485] [main/DEBUG] [net.neoforged.fml.loading.moddiscovery.ModFile/LOADING]: Loading mod file C:\Users\Administrator\.gradle\caches\modules-2\files-2.1\curse.maven\curios-309927\6529130\418fcd42e3a7844c9bdc71c9b6401fdb3894e0c4\curios-309927-6529130.jar with languages [LanguageSpec[languageName=javafml, acceptedVersions=[1,)]]
[19ago2026 16:39:11.486] [main/DEBUG] [net.neoforged.fml.loading.moddiscovery.ModFile/LOADING]: Found mixin config curios.neoforge.mixins.json
[19ago2026 16:39:11.486] [main/DEBUG] [net.neoforged.fml.loading.moddiscovery.ModFile/LOADING]: Found mixin config curios.mixins.json
[19ago2026 16:39:11.486] [main/DEBUG] [net.neoforged.fml.loading.moddiscovery.ModFileParser/LOADING]: Considering mod file candidate C:\Users\Administrator\Desktop\projects\Demis-Enigmatic-Dice\.gradle\repositories\ng_dummy_ng\net\neoforged\neoforge\21.1.73\neoforge-21.1.73.jar
[19ago2026 16:39:11.488] [main/DEBUG] [net.neoforged.fml.loading.moddiscovery.ModFileInfo/LOADING]: Found valid mod file neoforge-21.1.73.jar with {neoforge} mods - versions {21.1.73}
[19ago2026 16:39:11.488] [main/DEBUG] [net.neoforged.fml.loading.moddiscovery.ModFile/LOADING]: Loading mod file C:\Users\Administrator\Desktop\projects\Demis-Enigmatic-Dice\.gradle\repositories\ng_dummy_ng\net\neoforged\neoforge\21.1.73\neoforge-21.1.73.jar with languages [LanguageSpec[languageName=javafml, acceptedVersions=[3,]]]
[19ago2026 16:39:11.488] [main/DEBUG] [net.neoforged.fml.loading.moddiscovery.ModFile/LOADING]: Found mixin config neoforge.mixins.json
[19ago2026 16:39:11.488] [main/DEBUG] [net.neoforged.fml.loading.moddiscovery.ModFileParser/LOADING]: Considering mod file candidate C:\Users\Administrator\Desktop\projects\Demis-Enigmatic-Dice\build\resources\main
[19ago2026 16:39:11.492] [main/DEBUG] [net.neoforged.fml.loading.moddiscovery.ModFileInfo/LOADING]: Found valid mod file main with {enigmaticdice} mods - versions {1.3.1-1.21.1}
[19ago2026 16:39:11.492] [main/DEBUG] [net.neoforged.fml.loading.moddiscovery.ModFile/LOADING]: Loading mod file C:\Users\Administrator\Desktop\projects\Demis-Enigmatic-Dice\build\resources\main with languages [LanguageSpec[languageName=javafml, acceptedVersions=[4,)]]
[19ago2026 16:39:11.493] [main/DEBUG] [net.neoforged.fml.loading.moddiscovery.ModFile/LOADING]: Loading mod file C:\Users\Administrator\.gradle\caches\modules-2\files-2.1\io.github.llamalad7\mixinextras-neoforge\0.4.1\eff97772ecd0dcf8e52cdbafd3b3ccec425f8314\mixinextras-neoforge-0.4.1.jar with languages []
[19ago2026 16:39:11.493] [main/DEBUG] [net.neoforged.fml.loading.moddiscovery.ModValidator/SCAN]: Found 5 mod files with 4 mods
[19ago2026 16:39:11.495] [main/DEBUG] [cpw.mods.modlauncher.TransformationServiceDecorator/MODLAUNCHER]: End scan trigger - transformation service fml
[19ago2026 16:39:11.513] [main/DEBUG] [net.neoforged.fml.util.ServiceLoaderUtil/CORE]: Found 3 implementations of IModLanguageLoader:
[19ago2026 16:39:11.513] [main/DEBUG] [net.neoforged.fml.util.ServiceLoaderUtil/CORE]: 	net.neoforged.fml.javafmlmod.FMLJavaModLanguageProvider from loader-4.0.31.jar
[19ago2026 16:39:11.514] [main/DEBUG] [net.neoforged.fml.util.ServiceLoaderUtil/CORE]: 	net.neoforged.fml.lowcodemod.LowCodeModLanguageProvider from loader-4.0.31.jar
[19ago2026 16:39:11.514] [main/DEBUG] [net.neoforged.fml.util.ServiceLoaderUtil/CORE]: 	net.neoforged.fml.mclanguageprovider.MinecraftModLanguageProvider from loader-4.0.31.jar
[19ago2026 16:39:11.515] [main/DEBUG] [net.neoforged.fml.loading.LanguageProviderLoader/CORE]: Found language provider javafml, version 4.0.31
[19ago2026 16:39:11.517] [main/DEBUG] [net.neoforged.fml.loading.LanguageProviderLoader/CORE]: Found language provider lowcodefml, version 4.0.31
[19ago2026 16:39:11.517] [main/DEBUG] [net.neoforged.fml.loading.LanguageProviderLoader/CORE]: Found language provider minecraft, version 4.0.31
[19ago2026 16:39:11.528] [main/DEBUG] [net.neoforged.fml.loading.ModSorter/]: Configured system mods: [minecraft, neoforge]
[19ago2026 16:39:11.528] [main/DEBUG] [net.neoforged.fml.loading.ModSorter/]: Found system mod: minecraft
[19ago2026 16:39:11.528] [main/DEBUG] [net.neoforged.fml.loading.ModSorter/]: Found system mod: neoforge
[19ago2026 16:39:11.530] [main/DEBUG] [net.neoforged.fml.loading.ModSorter/LOADING]: Found 5 mod requirements (4 mandatory, 1 optional)
[19ago2026 16:39:11.531] [main/DEBUG] [net.neoforged.fml.loading.ModSorter/LOADING]: Found 0 mod requirements missing (0 mandatory, 0 optional)
[19ago2026 16:39:11.562] [main/DEBUG] [net.neoforged.fml.loading.FMLLoader/SCAN]: Adding Access Transformer in C:\Users\Administrator\.gradle\caches\modules-2\files-2.1\curse.maven\curios-309927\6529130\418fcd42e3a7844c9bdc71c9b6401fdb3894e0c4\curios-309927-6529130.jar
[19ago2026 16:39:11.567] [main/DEBUG] [AXFORM/AXFORM]: Loading access transformer accesstransformer.cfg
[19ago2026 16:39:11.673] [main/DEBUG] [AXFORM/AXFORM]: Loaded access transformer accesstransformer.cfg
[19ago2026 16:39:11.673] [main/DEBUG] [net.neoforged.fml.loading.FMLLoader/SCAN]: Adding Access Transformer in C:\Users\Administrator\Desktop\projects\Demis-Enigmatic-Dice\.gradle\repositories\ng_dummy_ng\net\neoforged\neoforge\21.1.73\neoforge-21.1.73.jar
[19ago2026 16:39:11.676] [main/DEBUG] [AXFORM/AXFORM]: Loading access transformer accesstransformer.cfg
[19ago2026 16:39:11.738] [main/DEBUG] [AXFORM/AXFORM]: Loaded access transformer accesstransformer.cfg
[19ago2026 16:39:11.741] [main/DEBUG] [mixin/]: Adding mixin platform agents for container net.neoforged.fml.loading.mixin.FMLMixinContainerHandle@acf859d
[19ago2026 16:39:11.741] [main/DEBUG] [mixin/]: Instancing new MixinPlatformAgentMinecraftForge for net.neoforged.fml.loading.mixin.FMLMixinContainerHandle@acf859d
[19ago2026 16:39:11.741] [main/DEBUG] [mixin/]: MixinPlatformAgentMinecraftForge rejected container net.neoforged.fml.loading.mixin.FMLMixinContainerHandle@acf859d
[19ago2026 16:39:11.741] [main/DEBUG] [mixin/]: Instancing new MixinPlatformAgentDefault for net.neoforged.fml.loading.mixin.FMLMixinContainerHandle@acf859d
[19ago2026 16:39:11.741] [main/DEBUG] [mixin/]: MixinPlatformAgentDefault accepted container net.neoforged.fml.loading.mixin.FMLMixinContainerHandle@acf859d
[19ago2026 16:39:11.741] [main/DEBUG] [mixin/]: Instancing new FMLMixinPlatformAgent for net.neoforged.fml.loading.mixin.FMLMixinContainerHandle@acf859d
[19ago2026 16:39:11.741] [main/DEBUG] [mixin/]: FMLMixinPlatformAgent accepted container net.neoforged.fml.loading.mixin.FMLMixinContainerHandle@acf859d
[19ago2026 16:39:11.753] [main/DEBUG] [cpw.mods.modlauncher.TransformationServicesHandler/MODLAUNCHER]: Transformation services loading transformers
[19ago2026 16:39:11.753] [main/DEBUG] [cpw.mods.modlauncher.TransformationServiceDecorator/MODLAUNCHER]: Initializing transformers for transformation service mixin
[19ago2026 16:39:11.754] [main/DEBUG] [cpw.mods.modlauncher.TransformationServiceDecorator/MODLAUNCHER]: Initialized transformers for transformation service mixin
[19ago2026 16:39:11.754] [main/DEBUG] [cpw.mods.modlauncher.TransformationServiceDecorator/MODLAUNCHER]: Initializing transformers for transformation service fml
[19ago2026 16:39:11.754] [main/DEBUG] [net.neoforged.fml.loading.FMLServiceProvider/LOADING]: Loading coremod transformers
[19ago2026 16:39:11.755] [main/DEBUG] [net.neoforged.fml.loading.FMLServiceProvider/CORE]: Not loading coremod script-engine since no mod requested it
[19ago2026 16:39:11.756] [main/DEBUG] [net.neoforged.fml.util.ServiceLoaderUtil/CORE]: Found 1 implementations of ICoreMod:
[19ago2026 16:39:11.757] [main/DEBUG] [net.neoforged.fml.util.ServiceLoaderUtil/CORE]: 	net.neoforged.neoforge.coremods.NeoForgeCoreMod from neoforge-21.1.73.jar > neoforge-coremods-21.1.73.jar
[19ago2026 16:39:11.764] [main/DEBUG] [net.neoforged.fml.loading.FMLServiceProvider/CORE]: Adding [Target[className=net.minecraft.world.level.biome.Biome, elementName=, elementDescriptor=, targetType=cpw.mods.modlauncher.api.TargetType@18cebaa5]] transformer from core-mod net.neoforged.neoforge.coremods.NeoForgeCoreMod@692fd26 in neoforge-21.1.73.jar > neoforge-coremods-21.1.73.jar
[19ago2026 16:39:11.764] [main/DEBUG] [net.neoforged.fml.loading.FMLServiceProvider/CORE]: Adding [Target[className=net.minecraft.world.level.levelgen.structure.Structure, elementName=, elementDescriptor=, targetType=cpw.mods.modlauncher.api.TargetType@18cebaa5]] transformer from core-mod net.neoforged.neoforge.coremods.NeoForgeCoreMod@692fd26 in neoforge-21.1.73.jar > neoforge-coremods-21.1.73.jar
[19ago2026 16:39:11.764] [main/DEBUG] [net.neoforged.fml.loading.FMLServiceProvider/CORE]: Adding [Target[className=net.minecraft.world.level.block.FlowerPotBlock, elementName=, elementDescriptor=, targetType=cpw.mods.modlauncher.api.TargetType@18cebaa5]] transformer from core-mod net.neoforged.neoforge.coremods.NeoForgeCoreMod@692fd26 in neoforge-21.1.73.jar > neoforge-coremods-21.1.73.jar
[19ago2026 16:39:11.765] [main/DEBUG] [net.neoforged.fml.loading.FMLServiceProvider/CORE]: Adding [Target[className=net/minecraft/world/entity/npc/CatSpawner, elementName=, elementDescriptor=, targetType=cpw.mods.modlauncher.api.TargetType@18cebaa5], Target[className=net/minecraft/world/level/levelgen/PhantomSpawner, elementName=, elementDescriptor=, targetType=cpw.mods.modlauncher.api.TargetType@18cebaa5], Target[className=net/minecraft/world/entity/monster/Zombie, elementName=, elementDescriptor=, targetType=cpw.mods.modlauncher.api.TargetType@18cebaa5], Target[className=net/minecraft/server/commands/SummonCommand, elementName=, elementDescriptor=, targetType=cpw.mods.modlauncher.api.TargetType@18cebaa5], Target[className=net/minecraft/world/level/levelgen/structure/structures/WoodlandMansionPieces$WoodlandMansionPiece, elementName=, elementDescriptor=, targetType=cpw.mods.modlauncher.api.TargetType@18cebaa5], Target[className=net/minecraft/world/entity/npc/Villager, elementName=, elementDescriptor=, targetType=cpw.mods.modlauncher.api.TargetType@18cebaa5], Target[className=net/minecraft/world/entity/animal/horse/SkeletonTrapGoal, elementName=, elementDescriptor=, targetType=cpw.mods.modlauncher.api.TargetType@18cebaa5], Target[className=net/minecraft/world/entity/ai/village/VillageSiege, elementName=, elementDescriptor=, targetType=cpw.mods.modlauncher.api.TargetType@18cebaa5], Target[className=net/minecraft/world/entity/monster/Strider, elementName=, elementDescriptor=, targetType=cpw.mods.modlauncher.api.TargetType@18cebaa5], Target[className=net/minecraft/world/level/levelgen/structure/structures/SwampHutPiece, elementName=, elementDescriptor=, targetType=cpw.mods.modlauncher.api.TargetType@18cebaa5], Target[className=net/minecraft/world/entity/EntityType, elementName=, elementDescriptor=, targetType=cpw.mods.modlauncher.api.TargetType@18cebaa5], Target[className=net/minecraft/world/level/levelgen/structure/structures/OceanRuinPieces$OceanRuinPiece, elementName=, elementDescriptor=, targetType=cpw.mods.modlauncher.api.TargetType@18cebaa5], Target[className=net/minecraft/world/entity/monster/Evoker$EvokerSummonSpellGoal, elementName=, elementDescriptor=, targetType=cpw.mods.modlauncher.api.TargetType@18cebaa5], Target[className=net/minecraft/world/level/levelgen/PatrolSpawner, elementName=, elementDescriptor=, targetType=cpw.mods.modlauncher.api.TargetType@18cebaa5], Target[className=net/minecraft/world/level/levelgen/structure/templatesystem/StructureTemplate, elementName=, elementDescriptor=, targetType=cpw.mods.modlauncher.api.TargetType@18cebaa5], Target[className=net/minecraft/server/commands/RaidCommand, elementName=, elementDescriptor=, targetType=cpw.mods.modlauncher.api.TargetType@18cebaa5], Target[className=net/minecraft/world/entity/animal/frog/Tadpole, elementName=, elementDescriptor=, targetType=cpw.mods.modlauncher.api.TargetType@18cebaa5], Target[className=net/minecraft/world/entity/raid/Raid, elementName=, elementDescriptor=, targetType=cpw.mods.modlauncher.api.TargetType@18cebaa5], Target[className=net/minecraft/world/level/NaturalSpawner, elementName=, elementDescriptor=, targetType=cpw.mods.modlauncher.api.TargetType@18cebaa5], Target[className=net/minecraft/world/entity/monster/Spider, elementName=, elementDescriptor=, targetType=cpw.mods.modlauncher.api.TargetType@18cebaa5], Target[className=net/minecraft/world/entity/monster/ZombieVillager, elementName=, elementDescriptor=, targetType=cpw.mods.modlauncher.api.TargetType@18cebaa5], Target[className=net/minecraft/world/level/levelgen/structure/structures/OceanMonumentPieces$OceanMonumentPiece, elementName=, elementDescriptor=, targetType=cpw.mods.modlauncher.api.TargetType@18cebaa5]] transformer from core-mod net.neoforged.neoforge.coremods.NeoForgeCoreMod@692fd26 in neoforge-21.1.73.jar > neoforge-coremods-21.1.73.jar
[19ago2026 16:39:11.767] [main/DEBUG] [cpw.mods.modlauncher.TransformStore/MODLAUNCHER]: Adding transformer net.neoforged.neoforge.coremods.ReplaceFieldWithGetterAccess@3e7545e8 to Target : cpw.mods.modlauncher.api.TargetType@18cebaa5 {Lnet/minecraft/world/level/biome/Biome;} {} {V}
[19ago2026 16:39:11.768] [main/DEBUG] [cpw.mods.modlauncher.TransformStore/MODLAUNCHER]: Adding transformer net.neoforged.neoforge.coremods.ReplaceFieldWithGetterAccess@4f824872 to Target : cpw.mods.modlauncher.api.TargetType@18cebaa5 {Lnet/minecraft/world/level/levelgen/structure/Structure;} {} {V}
[19ago2026 16:39:11.768] [main/DEBUG] [cpw.mods.modlauncher.TransformStore/MODLAUNCHER]: Adding transformer net.neoforged.neoforge.coremods.ReplaceFieldWithGetterAccess@b016b4e to Target : cpw.mods.modlauncher.api.TargetType@18cebaa5 {Lnet/minecraft/world/level/block/FlowerPotBlock;} {} {V}
[19ago2026 16:39:11.769] [main/DEBUG] [cpw.mods.modlauncher.TransformStore/MODLAUNCHER]: Adding transformer net.neoforged.neoforge.coremods.MethodRedirector@29629fbb to Target : cpw.mods.modlauncher.api.TargetType@18cebaa5 {Lnet/minecraft/world/entity/npc/CatSpawner;} {} {V}
[19ago2026 16:39:11.769] [main/DEBUG] [cpw.mods.modlauncher.TransformStore/MODLAUNCHER]: Adding transformer net.neoforged.neoforge.coremods.MethodRedirector@29629fbb to Target : cpw.mods.modlauncher.api.TargetType@18cebaa5 {Lnet/minecraft/world/level/levelgen/PhantomSpawner;} {} {V}
[19ago2026 16:39:11.769] [main/DEBUG] [cpw.mods.modlauncher.TransformStore/MODLAUNCHER]: Adding transformer net.neoforged.neoforge.coremods.MethodRedirector@29629fbb to Target : cpw.mods.modlauncher.api.TargetType@18cebaa5 {Lnet/minecraft/world/entity/monster/Zombie;} {} {V}
[19ago2026 16:39:11.769] [main/DEBUG] [cpw.mods.modlauncher.TransformStore/MODLAUNCHER]: Adding transformer net.neoforged.neoforge.coremods.MethodRedirector@29629fbb to Target : cpw.mods.modlauncher.api.TargetType@18cebaa5 {Lnet/minecraft/server/commands/SummonCommand;} {} {V}
[19ago2026 16:39:11.769] [main/DEBUG] [cpw.mods.modlauncher.TransformStore/MODLAUNCHER]: Adding transformer net.neoforged.neoforge.coremods.MethodRedirector@29629fbb to Target : cpw.mods.modlauncher.api.TargetType@18cebaa5 {Lnet/minecraft/world/level/levelgen/structure/structures/WoodlandMansionPieces$WoodlandMansionPiece;} {} {V}
[19ago2026 16:39:11.769] [main/DEBUG] [cpw.mods.modlauncher.TransformStore/MODLAUNCHER]: Adding transformer net.neoforged.neoforge.coremods.MethodRedirector@29629fbb to Target : cpw.mods.modlauncher.api.TargetType@18cebaa5 {Lnet/minecraft/world/entity/npc/Villager;} {} {V}
[19ago2026 16:39:11.769] [main/DEBUG] [cpw.mods.modlauncher.TransformStore/MODLAUNCHER]: Adding transformer net.neoforged.neoforge.coremods.MethodRedirector@29629fbb to Target : cpw.mods.modlauncher.api.TargetType@18cebaa5 {Lnet/minecraft/world/entity/animal/horse/SkeletonTrapGoal;} {} {V}
[19ago2026 16:39:11.769] [main/DEBUG] [cpw.mods.modlauncher.TransformStore/MODLAUNCHER]: Adding transformer net.neoforged.neoforge.coremods.MethodRedirector@29629fbb to Target : cpw.mods.modlauncher.api.TargetType@18cebaa5 {Lnet/minecraft/world/entity/ai/village/VillageSiege;} {} {V}
[19ago2026 16:39:11.769] [main/DEBUG] [cpw.mods.modlauncher.TransformStore/MODLAUNCHER]: Adding transformer net.neoforged.neoforge.coremods.MethodRedirector@29629fbb to Target : cpw.mods.modlauncher.api.TargetType@18cebaa5 {Lnet/minecraft/world/entity/monster/Strider;} {} {V}
[19ago2026 16:39:11.769] [main/DEBUG] [cpw.mods.modlauncher.TransformStore/MODLAUNCHER]: Adding transformer net.neoforged.neoforge.coremods.MethodRedirector@29629fbb to Target : cpw.mods.modlauncher.api.TargetType@18cebaa5 {Lnet/minecraft/world/level/levelgen/structure/structures/SwampHutPiece;} {} {V}
[19ago2026 16:39:11.769] [main/DEBUG] [cpw.mods.modlauncher.TransformStore/MODLAUNCHER]: Adding transformer net.neoforged.neoforge.coremods.MethodRedirector@29629fbb to Target : cpw.mods.modlauncher.api.TargetType@18cebaa5 {Lnet/minecraft/world/entity/EntityType;} {} {V}
[19ago2026 16:39:11.769] [main/DEBUG] [cpw.mods.modlauncher.TransformStore/MODLAUNCHER]: Adding transformer net.neoforged.neoforge.coremods.MethodRedirector@29629fbb to Target : cpw.mods.modlauncher.api.TargetType@18cebaa5 {Lnet/minecraft/world/level/levelgen/structure/structures/OceanRuinPieces$OceanRuinPiece;} {} {V}
[19ago2026 16:39:11.770] [main/DEBUG] [cpw.mods.modlauncher.TransformStore/MODLAUNCHER]: Adding transformer net.neoforged.neoforge.coremods.MethodRedirector@29629fbb to Target : cpw.mods.modlauncher.api.TargetType@18cebaa5 {Lnet/minecraft/world/entity/monster/Evoker$EvokerSummonSpellGoal;} {} {V}
[19ago2026 16:39:11.770] [main/DEBUG] [cpw.mods.modlauncher.TransformStore/MODLAUNCHER]: Adding transformer net.neoforged.neoforge.coremods.MethodRedirector@29629fbb to Target : cpw.mods.modlauncher.api.TargetType@18cebaa5 {Lnet/minecraft/world/level/levelgen/PatrolSpawner;} {} {V}
[19ago2026 16:39:11.770] [main/DEBUG] [cpw.mods.modlauncher.TransformStore/MODLAUNCHER]: Adding transformer net.neoforged.neoforge.coremods.MethodRedirector@29629fbb to Target : cpw.mods.modlauncher.api.TargetType@18cebaa5 {Lnet/minecraft/world/level/levelgen/structure/templatesystem/StructureTemplate;} {} {V}
[19ago2026 16:39:11.770] [main/DEBUG] [cpw.mods.modlauncher.TransformStore/MODLAUNCHER]: Adding transformer net.neoforged.neoforge.coremods.MethodRedirector@29629fbb to Target : cpw.mods.modlauncher.api.TargetType@18cebaa5 {Lnet/minecraft/server/commands/RaidCommand;} {} {V}
[19ago2026 16:39:11.770] [main/DEBUG] [cpw.mods.modlauncher.TransformStore/MODLAUNCHER]: Adding transformer net.neoforged.neoforge.coremods.MethodRedirector@29629fbb to Target : cpw.mods.modlauncher.api.TargetType@18cebaa5 {Lnet/minecraft/world/entity/animal/frog/Tadpole;} {} {V}
[19ago2026 16:39:11.770] [main/DEBUG] [cpw.mods.modlauncher.TransformStore/MODLAUNCHER]: Adding transformer net.neoforged.neoforge.coremods.MethodRedirector@29629fbb to Target : cpw.mods.modlauncher.api.TargetType@18cebaa5 {Lnet/minecraft/world/entity/raid/Raid;} {} {V}
[19ago2026 16:39:11.770] [main/DEBUG] [cpw.mods.modlauncher.TransformStore/MODLAUNCHER]: Adding transformer net.neoforged.neoforge.coremods.MethodRedirector@29629fbb to Target : cpw.mods.modlauncher.api.TargetType@18cebaa5 {Lnet/minecraft/world/level/NaturalSpawner;} {} {V}
[19ago2026 16:39:11.770] [main/DEBUG] [cpw.mods.modlauncher.TransformStore/MODLAUNCHER]: Adding transformer net.neoforged.neoforge.coremods.MethodRedirector@29629fbb to Target : cpw.mods.modlauncher.api.TargetType@18cebaa5 {Lnet/minecraft/world/entity/monster/Spider;} {} {V}
[19ago2026 16:39:11.770] [main/DEBUG] [cpw.mods.modlauncher.TransformStore/MODLAUNCHER]: Adding transformer net.neoforged.neoforge.coremods.MethodRedirector@29629fbb to Target : cpw.mods.modlauncher.api.TargetType@18cebaa5 {Lnet/minecraft/world/entity/monster/ZombieVillager;} {} {V}
[19ago2026 16:39:11.770] [main/DEBUG] [cpw.mods.modlauncher.TransformStore/MODLAUNCHER]: Adding transformer net.neoforged.neoforge.coremods.MethodRedirector@29629fbb to Target : cpw.mods.modlauncher.api.TargetType@18cebaa5 {Lnet/minecraft/world/level/levelgen/structure/structures/OceanMonumentPieces$OceanMonumentPiece;} {} {V}
[19ago2026 16:39:11.770] [main/DEBUG] [cpw.mods.modlauncher.TransformationServiceDecorator/MODLAUNCHER]: Initialized transformers for transformation service fml
[19ago2026 16:39:12.160] [main/DEBUG] [mixin/]: Processing prepare() for PlatformAgent[MixinPlatformAgentDefault:ModLauncher Root Container(ModLauncher:4f56a0a2)]
[19ago2026 16:39:12.160] [main/DEBUG] [mixin/]: Processing prepare() for PlatformAgent[MixinPlatformAgentDefault:net.neoforged.fml.loading.mixin.FMLMixinContainerHandle@acf859d]
[19ago2026 16:39:12.161] [main/DEBUG] [mixin/]: Processing prepare() for PlatformAgent[FMLMixinPlatformAgent:null]
[19ago2026 16:39:12.217] [main/DEBUG] [mixin/]: Compatibility level JAVA_21 specified by curios.neoforge.mixins.json is higher than the maximum level supported by this version of mixin (JAVA_13).
[19ago2026 16:39:12.224] [main/INFO] [mixin/]: Compatibility level set to JAVA_21
[19ago2026 16:39:12.230] [main/DEBUG] [mixin/]: Processing launch tasks for PlatformAgent[MixinPlatformAgentDefault:ModLauncher Root Container(ModLauncher:4f56a0a2)]
[19ago2026 16:39:12.231] [main/DEBUG] [mixin/]: Adding mixin platform agents for container SecureJarResource(mixin_synthetic)
[19ago2026 16:39:12.231] [main/DEBUG] [mixin/]: Instancing new MixinPlatformAgentMinecraftForge for SecureJarResource(mixin_synthetic)
[19ago2026 16:39:12.231] [main/DEBUG] [mixin/]: MixinPlatformAgentMinecraftForge rejected container SecureJarResource(mixin_synthetic)
[19ago2026 16:39:12.231] [main/DEBUG] [mixin/]: Instancing new MixinPlatformAgentDefault for SecureJarResource(mixin_synthetic)
[19ago2026 16:39:12.231] [main/DEBUG] [mixin/]: MixinPlatformAgentDefault accepted container SecureJarResource(mixin_synthetic)
[19ago2026 16:39:12.231] [main/DEBUG] [mixin/]: Instancing new FMLMixinPlatformAgent for SecureJarResource(mixin_synthetic)
[19ago2026 16:39:12.231] [main/DEBUG] [mixin/]: FMLMixinPlatformAgent rejected container SecureJarResource(mixin_synthetic)
[19ago2026 16:39:12.232] [main/DEBUG] [mixin/]: Processing prepare() for PlatformAgent[MixinPlatformAgentDefault:SecureJarResource(mixin_synthetic)]
[19ago2026 16:39:12.232] [main/DEBUG] [mixin/]: Adding mixin platform agents for container SecureJarResource(minecraft)
[19ago2026 16:39:12.232] [main/DEBUG] [mixin/]: Instancing new MixinPlatformAgentMinecraftForge for SecureJarResource(minecraft)
[19ago2026 16:39:12.232] [main/DEBUG] [mixin/]: MixinPlatformAgentMinecraftForge rejected container SecureJarResource(minecraft)
[19ago2026 16:39:12.232] [main/DEBUG] [mixin/]: Instancing new MixinPlatformAgentDefault for SecureJarResource(minecraft)
[19ago2026 16:39:12.232] [main/DEBUG] [mixin/]: MixinPlatformAgentDefault accepted container SecureJarResource(minecraft)
[19ago2026 16:39:12.232] [main/DEBUG] [mixin/]: Instancing new FMLMixinPlatformAgent for SecureJarResource(minecraft)
[19ago2026 16:39:12.232] [main/DEBUG] [mixin/]: FMLMixinPlatformAgent rejected container SecureJarResource(minecraft)
[19ago2026 16:39:12.232] [main/DEBUG] [mixin/]: Processing prepare() for PlatformAgent[MixinPlatformAgentDefault:SecureJarResource(minecraft)]
[19ago2026 16:39:12.232] [main/DEBUG] [mixin/]: Adding mixin platform agents for container SecureJarResource(curios)
[19ago2026 16:39:12.233] [main/DEBUG] [mixin/]: Instancing new MixinPlatformAgentMinecraftForge for SecureJarResource(curios)
[19ago2026 16:39:12.233] [main/DEBUG] [mixin/]: MixinPlatformAgentMinecraftForge rejected container SecureJarResource(curios)
[19ago2026 16:39:12.233] [main/DEBUG] [mixin/]: Instancing new MixinPlatformAgentDefault for SecureJarResource(curios)
[19ago2026 16:39:12.233] [main/DEBUG] [mixin/]: MixinPlatformAgentDefault accepted container SecureJarResource(curios)
[19ago2026 16:39:12.233] [main/DEBUG] [mixin/]: Instancing new FMLMixinPlatformAgent for SecureJarResource(curios)
[19ago2026 16:39:12.233] [main/DEBUG] [mixin/]: FMLMixinPlatformAgent rejected container SecureJarResource(curios)
[19ago2026 16:39:12.234] [main/DEBUG] [mixin/]: Processing prepare() for PlatformAgent[MixinPlatformAgentDefault:SecureJarResource(curios)]
[19ago2026 16:39:12.234] [main/DEBUG] [mixin/]: Adding mixin platform agents for container SecureJarResource(enigmaticdice)
[19ago2026 16:39:12.234] [main/DEBUG] [mixin/]: Instancing new MixinPlatformAgentMinecraftForge for SecureJarResource(enigmaticdice)
[19ago2026 16:39:12.234] [main/DEBUG] [mixin/]: MixinPlatformAgentMinecraftForge rejected container SecureJarResource(enigmaticdice)
[19ago2026 16:39:12.234] [main/DEBUG] [mixin/]: Instancing new MixinPlatformAgentDefault for SecureJarResource(enigmaticdice)
[19ago2026 16:39:12.234] [main/DEBUG] [mixin/]: MixinPlatformAgentDefault accepted container SecureJarResource(enigmaticdice)
[19ago2026 16:39:12.234] [main/DEBUG] [mixin/]: Instancing new FMLMixinPlatformAgent for SecureJarResource(enigmaticdice)
[19ago2026 16:39:12.235] [main/DEBUG] [mixin/]: FMLMixinPlatformAgent rejected container SecureJarResource(enigmaticdice)
[19ago2026 16:39:12.235] [main/DEBUG] [mixin/]: Processing prepare() for PlatformAgent[MixinPlatformAgentDefault:SecureJarResource(enigmaticdice)]
[19ago2026 16:39:12.235] [main/DEBUG] [mixin/]: Adding mixin platform agents for container SecureJarResource(mixinextras.neoforge)
[19ago2026 16:39:12.235] [main/DEBUG] [mixin/]: Instancing new MixinPlatformAgentMinecraftForge for SecureJarResource(mixinextras.neoforge)
[19ago2026 16:39:12.235] [main/DEBUG] [mixin/]: MixinPlatformAgentMinecraftForge rejected container SecureJarResource(mixinextras.neoforge)
[19ago2026 16:39:12.235] [main/DEBUG] [mixin/]: Instancing new MixinPlatformAgentDefault for SecureJarResource(mixinextras.neoforge)
[19ago2026 16:39:12.235] [main/DEBUG] [mixin/]: MixinPlatformAgentDefault accepted container SecureJarResource(mixinextras.neoforge)
[19ago2026 16:39:12.235] [main/DEBUG] [mixin/]: Instancing new FMLMixinPlatformAgent for SecureJarResource(mixinextras.neoforge)
[19ago2026 16:39:12.235] [main/DEBUG] [mixin/]: FMLMixinPlatformAgent rejected container SecureJarResource(mixinextras.neoforge)
[19ago2026 16:39:12.235] [main/DEBUG] [mixin/]: Processing prepare() for PlatformAgent[MixinPlatformAgentDefault:SecureJarResource(mixinextras.neoforge)]
[19ago2026 16:39:12.236] [main/DEBUG] [mixin/]: Registering mixin config: mixinextras.init.mixins.json source=SecureJarResource(mixinextras.neoforge)
[19ago2026 16:39:12.238] [main/DEBUG] [mixin/]: inject() running with 7 agents
[19ago2026 16:39:12.238] [main/DEBUG] [mixin/]: Processing inject() for PlatformAgent[MixinPlatformAgentDefault:ModLauncher Root Container(ModLauncher:4f56a0a2)]
[19ago2026 16:39:12.238] [main/DEBUG] [mixin/]: Processing inject() for PlatformAgent[MixinPlatformAgentDefault:net.neoforged.fml.loading.mixin.FMLMixinContainerHandle@acf859d]
[19ago2026 16:39:12.238] [main/DEBUG] [mixin/]: Processing inject() for PlatformAgent[FMLMixinPlatformAgent:null]
[19ago2026 16:39:12.238] [main/DEBUG] [mixin/]: Processing inject() for PlatformAgent[MixinPlatformAgentDefault:SecureJarResource(mixin_synthetic)]
[19ago2026 16:39:12.239] [main/DEBUG] [mixin/]: Processing inject() for PlatformAgent[MixinPlatformAgentDefault:SecureJarResource(minecraft)]
[19ago2026 16:39:12.239] [main/DEBUG] [mixin/]: Processing inject() for PlatformAgent[MixinPlatformAgentDefault:SecureJarResource(curios)]
[19ago2026 16:39:12.239] [main/DEBUG] [mixin/]: Processing inject() for PlatformAgent[MixinPlatformAgentDefault:SecureJarResource(enigmaticdice)]
[19ago2026 16:39:12.239] [main/DEBUG] [mixin/]: Processing inject() for PlatformAgent[MixinPlatformAgentDefault:SecureJarResource(mixinextras.neoforge)]
[19ago2026 16:39:12.239] [main/INFO] [cpw.mods.modlauncher.LaunchServiceHandler/MODLAUNCHER]: Launching target 'forgeclientuserdev' with arguments [--version, 21.1.73, --gameDir, ., --assetsDir, C:\Users\Administrator\.gradle\caches\minecraft\assets, --assetIndex, asset-index]
[19ago2026 16:39:12.314] [main/DEBUG] [mixin/]: Preparing mixins for MixinEnvironment[DEFAULT]
[19ago2026 16:39:12.314] [main/DEBUG] [mixin/]: Selecting config curios.neoforge.mixins.json
[19ago2026 16:39:12.320] [main/WARN] [mixin/]: Reference map 'curios.refmap.json' for curios.neoforge.mixins.json could not be read. If this is a development environment you can ignore this message
[19ago2026 16:39:12.320] [main/DEBUG] [mixin/]: Selecting config curios.mixins.json
[19ago2026 16:39:12.321] [main/WARN] [mixin/]: Reference map 'curios.refmap.json' for curios.mixins.json could not be read. If this is a development environment you can ignore this message
[19ago2026 16:39:12.321] [main/DEBUG] [mixin/]: Selecting config neoforge.mixins.json
[19ago2026 16:39:12.322] [main/DEBUG] [mixin/]: Selecting config mixinextras.init.mixins.json
[19ago2026 16:39:12.365] [main/DEBUG] [MixinExtras|Service/]: com.llamalad7.mixinextras.service.MixinExtrasServiceImpl(version=0.4.1) is taking over from null
[19ago2026 16:39:12.410] [main/DEBUG] [mixin/]: Registering new injector for @Inject with org.spongepowered.asm.mixin.injection.struct.CallbackInjectionInfo
[19ago2026 16:39:12.411] [main/DEBUG] [mixin/]: Registering new injector for @ModifyArg with org.spongepowered.asm.mixin.injection.struct.ModifyArgInjectionInfo
[19ago2026 16:39:12.412] [main/DEBUG] [mixin/]: Registering new injector for @ModifyArgs with org.spongepowered.asm.mixin.injection.struct.ModifyArgsInjectionInfo
[19ago2026 16:39:12.413] [main/DEBUG] [mixin/]: Registering new injector for @Redirect with org.spongepowered.asm.mixin.injection.struct.RedirectInjectionInfo
[19ago2026 16:39:12.414] [main/DEBUG] [mixin/]: Registering new injector for @ModifyVariable with org.spongepowered.asm.mixin.injection.struct.ModifyVariableInjectionInfo
[19ago2026 16:39:12.415] [main/DEBUG] [mixin/]: Registering new injector for @ModifyConstant with org.spongepowered.asm.mixin.injection.struct.ModifyConstantInjectionInfo
[19ago2026 16:39:12.437] [main/DEBUG] [mixin/]: Preparing curios.neoforge.mixins.json (10)
[19ago2026 16:39:12.466] [main/TRACE] [mixin/]: Added class metadata for net/minecraft/world/level/storage/loot/functions/ApplyBonusCount to metadata cache
[19ago2026 16:39:12.471] [main/TRACE] [mixin/]: Added class metadata for top/theillusivec4/curios/api/CuriosApi to metadata cache
[19ago2026 16:39:12.472] [main/TRACE] [mixin/]: Added class metadata for top/theillusivec4/curios/api/CuriosDataProvider to metadata cache
[19ago2026 16:39:12.474] [main/TRACE] [mixin/]: Added class metadata for net/minecraft/world/level/storage/loot/functions/EnchantedCountIncreaseFunction to metadata cache
[19ago2026 16:39:12.477] [main/TRACE] [mixin/]: Added class metadata for net/minecraft/world/entity/player/Inventory to metadata cache
[19ago2026 16:39:12.486] [main/DEBUG] [net.neoforged.accesstransformer.AccessTransformer/AXFORM]: Transforming net.minecraft.world.entity.LivingEntity METHOD getHitbox()Lnet/minecraft/world/phys/AABB; to access PUBLIC and LEAVE
[19ago2026 16:39:12.486] [main/DEBUG] [net.neoforged.accesstransformer.AccessTransformer/AXFORM]: Transforming net.minecraft.world.entity.LivingEntity METHOD getCurrentSwingDuration()I to access PUBLIC and LEAVE
[19ago2026 16:39:12.531] [main/TRACE] [mixin/]: Added class metadata for net/minecraft/world/entity/LivingEntity to metadata cache
[19ago2026 16:39:12.533] [main/TRACE] [mixin/]: Added class metadata for net/minecraft/advancements/critereon/NbtPredicate to metadata cache
[19ago2026 16:39:12.538] [main/TRACE] [mixin/]: Added class metadata for net/minecraft/world/entity/monster/piglin/PiglinAi to metadata cache
[19ago2026 16:39:12.539] [main/TRACE] [mixin/]: Added class metadata for net/minecraft/world/level/block/PowderSnowBlock to metadata cache
[19ago2026 16:39:12.546] [main/TRACE] [mixin/]: Added class metadata for net/minecraft/util/datafix/schemas/V1460 to metadata cache
[19ago2026 16:39:12.547] [main/DEBUG] [mixin/]: Preparing curios.mixins.json (3)
[19ago2026 16:39:12.557] [main/DEBUG] [net.neoforged.accesstransformer.AccessTransformer/AXFORM]: Transforming net.minecraft.world.entity.Entity FIELD ENTITY_COUNTER to access PROTECTED and LEAVE
[19ago2026 16:39:12.558] [main/DEBUG] [net.neoforged.accesstransformer.AccessTransformer/AXFORM]: Transforming net.minecraft.world.entity.Entity METHOD getEncodeId()Ljava/lang/String; to access PUBLIC and LEAVE
[19ago2026 16:39:12.591] [main/TRACE] [mixin/]: Added class metadata for net/minecraft/world/entity/Entity to metadata cache
[19ago2026 16:39:12.592] [main/TRACE] [mixin/]: Added class metadata for top/theillusivec4/curios/api/CuriosTriggers to metadata cache
[19ago2026 16:39:12.593] [main/TRACE] [mixin/]: Added class metadata for top/theillusivec4/curios/api/CuriosTriggers$EquipBuilder to metadata cache
[19ago2026 16:39:12.593] [main/DEBUG] [mixin/]: Preparing neoforge.mixins.json (2)
[19ago2026 16:39:12.595] [main/DEBUG] [net.neoforged.accesstransformer.AccessTransformer/AXFORM]: Transforming net.minecraft.world.level.block.entity.BlockEntityType INNERCLASS BlockEntitySupplier to access PUBLIC and LEAVE
[19ago2026 16:39:12.599] [main/TRACE] [mixin/]: Added class metadata for net/minecraft/world/level/block/entity/BlockEntityType to metadata cache
[19ago2026 16:39:12.604] [main/TRACE] [mixin/]: Added class metadata for net/minecraft/core/MappedRegistry to metadata cache
[19ago2026 16:39:12.604] [main/DEBUG] [mixin/]: Preparing mixinextras.init.mixins.json (0)
[19ago2026 16:39:12.616] [main/TRACE] [mixin/]: Added class metadata for net/minecraft/world/entity/ai/attributes/AttributeModifier$Operation to metadata cache
[19ago2026 16:39:12.622] [main/TRACE] [mixin/]: Added class metadata for top/theillusivec4/curios/common/util/EquipCurioTrigger$TriggerInstance to metadata cache
[19ago2026 16:39:12.623] [main/TRACE] [mixin/]: Added class metadata for net/minecraft/advancements/critereon/ItemPredicate$Builder to metadata cache
[19ago2026 16:39:12.624] [main/TRACE] [mixin/]: Added class metadata for net/minecraft/advancements/critereon/LocationPredicate$Builder to metadata cache
[19ago2026 16:39:12.626] [main/TRACE] [mixin/]: Added class metadata for top/theillusivec4/curios/api/SlotPredicate$Builder to metadata cache
[19ago2026 16:39:12.629] [main/DEBUG] [mixin/]: Prepared 15 mixins in 0.312 sec (20.8ms avg) (0ms load, 0ms transform, 0ms plugin)
[19ago2026 16:39:12.631] [main/DEBUG] [net.neoforged.fml.common.asm.RuntimeDistCleaner/DISTXFORM]: Removing Class Annotation: net/minecraft/client/gui/screens/LoadingOverlay @Lnet/neoforged/api/distmarker/OnlyIn;
[19ago2026 16:39:12.634] [main/DEBUG] [net.neoforged.fml.common.asm.RuntimeDistCleaner/DISTXFORM]: Removing Class Annotation: net/minecraft/client/gui/screens/Overlay @Lnet/neoforged/api/distmarker/OnlyIn;
[19ago2026 16:39:12.635] [main/DEBUG] [net.neoforged.fml.common.asm.RuntimeDistCleaner/DISTXFORM]: Removing Class Annotation: net/minecraft/client/gui/components/Renderable @Lnet/neoforged/api/distmarker/OnlyIn;
[19ago2026 16:39:12.636] [main/DEBUG] [net.neoforged.fml.common.asm.RuntimeDistCleaner/DISTXFORM]: Removing Class Annotation: net/minecraft/client/renderer/texture/AbstractTexture @Lnet/neoforged/api/distmarker/OnlyIn;
[19ago2026 16:39:12.638] [main/DEBUG] [net.neoforged.fml.common.asm.RuntimeDistCleaner/DISTXFORM]: Removing Class Annotation: net/minecraft/client/gui/screens/LoadingOverlay$LogoTexture @Lnet/neoforged/api/distmarker/OnlyIn;
[19ago2026 16:39:12.639] [main/DEBUG] [net.neoforged.fml.common.asm.RuntimeDistCleaner/DISTXFORM]: Removing Class Annotation: net/minecraft/client/renderer/texture/SimpleTexture @Lnet/neoforged/api/distmarker/OnlyIn;
[19ago2026 16:39:12.642] [main/DEBUG] [net.neoforged.fml.common.asm.RuntimeDistCleaner/DISTXFORM]: Removing Class Annotation: com/mojang/blaze3d/vertex/VertexConsumer @Lnet/neoforged/api/distmarker/OnlyIn;
[19ago2026 16:39:12.647] [main/DEBUG] [net.neoforged.fml.common.asm.RuntimeDistCleaner/DISTXFORM]: Removing Class Annotation: net/minecraft/client/gui/GuiGraphics @Lnet/neoforged/api/distmarker/OnlyIn;
[19ago2026 16:39:12.661] [main/DEBUG] [net.neoforged.fml.common.asm.RuntimeDistCleaner/DISTXFORM]: Removing Class Annotation: net/minecraft/client/Minecraft @Lnet/neoforged/api/distmarker/OnlyIn;
[19ago2026 16:39:12.673] [main/DEBUG] [net.neoforged.fml.common.asm.RuntimeDistCleaner/DISTXFORM]: Removing Class Annotation: com/mojang/blaze3d/platform/WindowEventHandler @Lnet/neoforged/api/distmarker/OnlyIn;
[19ago2026 16:39:12.676] [main/DEBUG] [net.neoforged.accesstransformer.AccessTransformer/AXFORM]: Transforming net.minecraft.util.thread.BlockableEventLoop METHOD submitAsync(Ljava/lang/Runnable;)Ljava/util/concurrent/CompletableFuture; to access PUBLIC and LEAVE
[19ago2026 16:39:12.969] [main/DEBUG] [io.netty.util.internal.logging.InternalLoggerFactory/]: Using SLF4J as the default logging framework
[19ago2026 16:39:12.973] [main/DEBUG] [io.netty.util.ResourceLeakDetector/]: -Dio.netty.leakDetection.level: simple
[19ago2026 16:39:12.974] [main/DEBUG] [io.netty.util.ResourceLeakDetector/]: -Dio.netty.leakDetection.targetRecords: 4
[19ago2026 16:39:13.649] [main/INFO] [MixinExtras|Service/]: Initializing MixinExtras via com.llamalad7.mixinextras.service.MixinExtrasServiceImpl(version=0.4.1).
[19ago2026 16:39:13.651] [main/DEBUG] [mixin/]: Registering new injector for @SugarWrapper with com.llamalad7.mixinextras.sugar.impl.SugarWrapperInjectionInfo
[19ago2026 16:39:13.653] [main/DEBUG] [mixin/]: Registering new injector for @FactoryRedirectWrapper with com.llamalad7.mixinextras.wrapper.factory.FactoryRedirectWrapperInjectionInfo
[19ago2026 16:39:13.660] [main/DEBUG] [mixin/]: Mixing MixinV1460 from curios.neoforge.mixins.json into net.minecraft.util.datafix.schemas.V1460
[19ago2026 16:39:13.745] [main/DEBUG] [mixin/]: curios.neoforge.mixins.json:MixinV1460 from mod curios->@Inject::captureSchema(Lcom/mojang/datafixers/schemas/Schema;Ljava/util/Map;Ljava/util/Map;Lorg/spongepowered/asm/mixin/injection/callback/CallbackInfo;)V doesn't use it's CallbackInfo
[19ago2026 16:39:13.746] [main/DEBUG] [mixin/]: curios.neoforge.mixins.json:MixinV1460 from mod curios->@Inject::captureSchema(Lcom/mojang/datafixers/schemas/Schema;Ljava/util/Map;Ljava/util/Map;Lorg/spongepowered/asm/mixin/injection/callback/CallbackInfo;)V has 0 override(s) in child classes
[19ago2026 16:39:13.756] [main/DEBUG] [mixin/]: curios.neoforge.mixins.json:MixinV1460 from mod curios->@Inject::captureSchema(Lcom/mojang/datafixers/schemas/Schema;Ljava/util/Map;Ljava/util/Map;Lorg/spongepowered/asm/mixin/injection/callback/CallbackInfo;)V won't be passed a CallbackInfo as a result
[19ago2026 16:39:13.799] [main/DEBUG] [mixin/]: Mixing MixinLivingEntity from curios.neoforge.mixins.json into net.minecraft.world.entity.LivingEntity
[19ago2026 16:39:13.817] [main/DEBUG] [mixin/]: curios.neoforge.mixins.json:MixinLivingEntity from mod curios->@Inject::curio$canFreeze(Lorg/spongepowered/asm/mixin/injection/callback/CallbackInfoReturnable;)V does use it's CallbackInfoReturnable
[19ago2026 16:39:13.895] [main/DEBUG] [mixin/]: Mixing AccessorEntity from curios.mixins.json into net.minecraft.world.entity.Entity
[19ago2026 16:39:14.381] [main/DEBUG] [oshi.util.FileUtil/]: No oshi.properties file found from ClassLoader cpw.mods.modlauncher.TransformingClassLoader@11e33bac
[19ago2026 16:39:14.709] [Datafixer Bootstrap/INFO] [com.mojang.datafixers.DataFixerBuilder/]: 229 Datafixer optimizations took 364 milliseconds
[19ago2026 16:39:14.722] [main/DEBUG] [oshi.util.FileUtil/]: No oshi.architecture.properties file found from ClassLoader cpw.mods.modlauncher.TransformingClassLoader@11e33bac
[19ago2026 16:39:14.836] [pool-8-thread-1/DEBUG] [mixin/]: Mixing MappedRegistryAccessor from neoforge.mixins.json into net.minecraft.core.MappedRegistry
[19ago2026 16:39:15.532] [pool-8-thread-1/DEBUG] [mixin/]: Mixing MixinPowderSnowBlock from curios.neoforge.mixins.json into net.minecraft.world.level.block.PowderSnowBlock
[19ago2026 16:39:15.548] [pool-8-thread-1/DEBUG] [mixin/]: curios.neoforge.mixins.json:MixinPowderSnowBlock from mod curios->@Inject::curios$canEntityWalkOnPowderSnow(Lnet/minecraft/world/entity/Entity;Lorg/spongepowered/asm/mixin/injection/callback/CallbackInfoReturnable;)V does use it's CallbackInfoReturnable
[19ago2026 16:39:15.548] [pool-8-thread-1/DEBUG] [mixin/]: curios.neoforge.mixins.json:MixinPowderSnowBlock from mod curios->@Inject::curios$canEntityWalkOnPowderSnow(Lnet/minecraft/world/entity/Entity;Lorg/spongepowered/asm/mixin/injection/callback/CallbackInfoReturnable;)V does use it's CallbackInfoReturnable
[19ago2026 16:39:16.173] [pool-8-thread-1/DEBUG] [mixin/]: Mixing BlockEntityTypeAccessor from neoforge.mixins.json into net.minecraft.world.level.block.entity.BlockEntityType
[19ago2026 16:39:18.322] [pool-8-thread-1/DEBUG] [io.netty.util.internal.PlatformDependent0/]: -Dio.netty.noUnsafe: false
[19ago2026 16:39:18.323] [pool-8-thread-1/DEBUG] [io.netty.util.internal.PlatformDependent0/]: Java version: 21
[19ago2026 16:39:18.325] [pool-8-thread-1/DEBUG] [io.netty.util.internal.PlatformDependent0/]: sun.misc.Unsafe.theUnsafe: available
[19ago2026 16:39:18.325] [pool-8-thread-1/DEBUG] [io.netty.util.internal.PlatformDependent0/]: sun.misc.Unsafe.copyMemory: available
[19ago2026 16:39:18.326] [pool-8-thread-1/DEBUG] [io.netty.util.internal.PlatformDependent0/]: sun.misc.Unsafe.storeFence: available
[19ago2026 16:39:18.327] [pool-8-thread-1/DEBUG] [io.netty.util.internal.PlatformDependent0/]: java.nio.Buffer.address: available
[19ago2026 16:39:18.329] [pool-8-thread-1/DEBUG] [io.netty.util.internal.PlatformDependent0/]: java.nio.Bits.unaligned: available, true
[19ago2026 16:39:18.331] [pool-8-thread-1/DEBUG] [io.netty.util.internal.PlatformDependent0/]: java.nio.DirectByteBuffer.<init>(long, {int,long}): unavailable
[19ago2026 16:39:18.332] [pool-8-thread-1/DEBUG] [io.netty.util.internal.PlatformDependent/]: sun.misc.Unsafe: available
[19ago2026 16:39:18.334] [pool-8-thread-1/DEBUG] [io.netty.util.internal.PlatformDependent/]: maxDirectMemory: 3135242240 bytes (maybe)
[19ago2026 16:39:18.334] [pool-8-thread-1/DEBUG] [io.netty.util.internal.PlatformDependent/]: -Dio.netty.tmpdir: C:\Users\ADMINI~1\AppData\Local\Temp (java.io.tmpdir)
[19ago2026 16:39:18.334] [pool-8-thread-1/DEBUG] [io.netty.util.internal.PlatformDependent/]: -Dio.netty.bitMode: 64 (sun.arch.data.model)
[19ago2026 16:39:18.335] [pool-8-thread-1/DEBUG] [io.netty.util.internal.PlatformDependent/]: Platform: Windows
[19ago2026 16:39:18.336] [pool-8-thread-1/DEBUG] [io.netty.util.internal.PlatformDependent/]: -Dio.netty.maxDirectMemory: -1 bytes
[19ago2026 16:39:18.336] [pool-8-thread-1/DEBUG] [io.netty.util.internal.PlatformDependent/]: -Dio.netty.uninitializedArrayAllocationThreshold: -1
[19ago2026 16:39:18.339] [pool-8-thread-1/DEBUG] [io.netty.util.internal.CleanerJava9/]: java.nio.ByteBuffer.cleaner(): available
[19ago2026 16:39:18.339] [pool-8-thread-1/DEBUG] [io.netty.util.internal.PlatformDependent/]: -Dio.netty.noPreferDirect: false
[19ago2026 16:39:18.420] [pool-8-thread-1/DEBUG] [mixin/]: Mixing MixinNbtPredicate from curios.neoforge.mixins.json into net.minecraft.advancements.critereon.NbtPredicate
[19ago2026 16:39:20.475] [pool-8-thread-1/DEBUG] [mixin/]: Mixing MixinInventory from curios.neoforge.mixins.json into net.minecraft.world.entity.player.Inventory
[19ago2026 16:39:20.497] [pool-8-thread-1/DEBUG] [mixin/]: curios.neoforge.mixins.json:MixinInventory from mod curios->@Inject::curios$containsStack(Lnet/minecraft/world/item/ItemStack;Lorg/spongepowered/asm/mixin/injection/callback/CallbackInfoReturnable;)V does use it's CallbackInfoReturnable
[19ago2026 16:39:20.497] [pool-8-thread-1/DEBUG] [mixin/]: curios.neoforge.mixins.json:MixinInventory from mod curios->@Inject::curios$containsTag(Lnet/minecraft/tags/TagKey;Lorg/spongepowered/asm/mixin/injection/callback/CallbackInfoReturnable;)V does use it's CallbackInfoReturnable
[19ago2026 16:39:20.497] [pool-8-thread-1/DEBUG] [mixin/]: curios.neoforge.mixins.json:MixinInventory from mod curios->@Inject::curios$contains(Ljava/util/function/Predicate;Lorg/spongepowered/asm/mixin/injection/callback/CallbackInfoReturnable;)V does use it's CallbackInfoReturnable
[19ago2026 16:39:20.498] [pool-8-thread-1/DEBUG] [mixin/]: curios.neoforge.mixins.json:MixinInventory from mod curios->@Inject::curios$hasAnyMatching(Ljava/util/function/Predicate;Lorg/spongepowered/asm/mixin/injection/callback/CallbackInfoReturnable;)V does use it's CallbackInfoReturnable
[19ago2026 16:39:20.749] [pool-8-thread-1/DEBUG] [mixin/]: Mixing MixinEnchantedCountIncreaseFunction from curios.neoforge.mixins.json into net.minecraft.world.level.storage.loot.functions.EnchantedCountIncreaseFunction
[19ago2026 16:39:20.819] [pool-8-thread-1/DEBUG] [mixin/]: Mixing MixinApplyBonusCount from curios.neoforge.mixins.json into net.minecraft.world.level.storage.loot.functions.ApplyBonusCount
[19ago2026 16:39:21.813] [pool-8-thread-1/DEBUG] [net.neoforged.neoforge.registries.GameData/REGISTRIES]: Creating vanilla freeze snapshot
[19ago2026 16:39:21.835] [pool-8-thread-1/DEBUG] [net.neoforged.neoforge.registries.GameData/REGISTRIES]: Vanilla freeze snapshot created
[19ago2026 16:39:22.737] [main/WARN] [net.minecraft.commands.Commands/]: Ambiguity between arguments [teleport, location] and [teleport, destination] with inputs: [0.1 -0.5 .9, 0 0 0]
[19ago2026 16:39:22.739] [main/WARN] [net.minecraft.commands.Commands/]: Ambiguity between arguments [teleport, location] and [teleport, targets] with inputs: [0.1 -0.5 .9, 0 0 0]
[19ago2026 16:39:22.743] [main/WARN] [net.minecraft.commands.Commands/]: Ambiguity between arguments [teleport, destination] and [teleport, targets] with inputs: [Player, 0123, @e, dd12be42-52a9-4a91-a8a1-11c01849e498]
[19ago2026 16:39:22.745] [main/WARN] [net.minecraft.commands.Commands/]: Ambiguity between arguments [teleport, targets] and [teleport, destination] with inputs: [Player, 0123, dd12be42-52a9-4a91-a8a1-11c01849e498]
[19ago2026 16:39:22.747] [main/WARN] [net.minecraft.commands.Commands/]: Ambiguity between arguments [teleport, targets, location] and [teleport, targets, destination] with inputs: [0.1 -0.5 .9, 0 0 0]
[19ago2026 16:39:22.950] [Render thread/WARN] [net.minecraft.server.packs.VanillaPackResourcesBuilder/]: Assets URL 'union:/C:/Users/Administrator/Desktop/projects/Demis-Enigmatic-Dice/.gradle/repositories/ng_dummy_ng/net/neoforged/neoforge/21.1.73/neoforge-21.1.73.jar%23189!/assets/.mcassetsroot' uses unexpected schema
[19ago2026 16:39:22.950] [Render thread/WARN] [net.minecraft.server.packs.VanillaPackResourcesBuilder/]: Assets URL 'union:/C:/Users/Administrator/Desktop/projects/Demis-Enigmatic-Dice/.gradle/repositories/ng_dummy_ng/net/neoforged/neoforge/21.1.73/neoforge-21.1.73.jar%23189!/data/.mcassetsroot' uses unexpected schema
[19ago2026 16:39:22.989] [Render thread/INFO] [com.mojang.authlib.yggdrasil.YggdrasilAuthenticationService/]: Environment: Environment[sessionHost=https://sessionserver.mojang.com, servicesHost=https://api.minecraftservices.com, name=PROD]
[19ago2026 16:39:23.003] [Render thread/INFO] [net.minecraft.client.Minecraft/]: Setting user: Dev
[19ago2026 16:39:23.138] [Render thread/INFO] [net.minecraft.client.Minecraft/]: Backend library: LWJGL version 3.3.3+5
[19ago2026 16:39:23.362] [Render thread/DEBUG] [net.neoforged.fml.ModWorkManager/LOADING]: Using 12 threads for parallel mod-loading
[19ago2026 16:39:23.380] [Render thread/DEBUG] [net.neoforged.fml.javafmlmod.FMLModContainer/LOADING]: Creating FMLModContainer instance for [top.theillusivec4.curios.Curios]
[19ago2026 16:39:23.385] [Render thread/DEBUG] [net.neoforged.fml.javafmlmod.FMLModContainer/LOADING]: Creating FMLModContainer instance for [net.jrdemiurge.enigmaticdice.EnigmaticDice]
[19ago2026 16:39:23.387] [Render thread/DEBUG] [net.neoforged.fml.javafmlmod.FMLModContainer/LOADING]: Creating FMLModContainer instance for [net.neoforged.neoforge.common.NeoForgeMod, net.neoforged.neoforge.client.ClientNeoForgeMod]
[19ago2026 16:39:23.420] [modloading-worker-0/DEBUG] [net.neoforged.neoforge.internal.versions.neoforge.NeoForgeVersion/CORE]: Found NeoForge version 21.1.73
[19ago2026 16:39:23.421] [modloading-worker-0/DEBUG] [net.neoforged.neoforge.internal.versions.neoforge.NeoForgeVersion/CORE]: Found FML version 4.0.31
[19ago2026 16:39:23.421] [modloading-worker-0/INFO] [net.neoforged.neoforge.common.NeoForgeMod/NEOFORGE-MOD]: NeoForge mod loading, version 21.1.73, for MC 1.21.1
[19ago2026 16:39:23.442] [modloading-worker-0/DEBUG] [net.neoforged.fml.config.ConfigTracker/CONFIG]: Config file neoforge-client.toml for neoforge tracking
[19ago2026 16:39:23.443] [modloading-worker-0/DEBUG] [net.neoforged.fml.config.ConfigTracker/CONFIG]: Config file neoforge-server.toml for neoforge tracking
[19ago2026 16:39:23.442] [modloading-worker-0/DEBUG] [net.neoforged.fml.config.ConfigTracker/CONFIG]: Config file curios-client.toml for curios tracking
[19ago2026 16:39:23.443] [modloading-worker-0/DEBUG] [net.neoforged.fml.config.ConfigTracker/CONFIG]: Config file neoforge-common.toml for neoforge tracking
[19ago2026 16:39:23.447] [modloading-worker-0/DEBUG] [net.neoforged.fml.config.ConfigTracker/CONFIG]: Config file curios-common.toml for curios tracking
[19ago2026 16:39:23.448] [modloading-worker-0/DEBUG] [net.neoforged.fml.config.ConfigTracker/CONFIG]: Config file curios-server.toml for curios tracking
[19ago2026 16:39:23.448] [modloading-worker-0/DEBUG] [net.neoforged.fml.javafmlmod.AutomaticEventSubscriber/LOADING]: Attempting to inject @EventBusSubscriber classes into the eventbus for curios
[19ago2026 16:39:23.451] [modloading-worker-0/DEBUG] [net.neoforged.fml.javafmlmod.AutomaticEventSubscriber/LOADING]: Auto-subscribing top.theillusivec4.curios.Curios$ClientProxy to MOD
[19ago2026 16:39:23.510] [modloading-worker-0/DEBUG] [net.neoforged.fml.config.ConfigTracker/CONFIG]: Config file enigmaticdice-common.toml for enigmaticdice tracking
[19ago2026 16:39:23.511] [modloading-worker-0/DEBUG] [net.neoforged.fml.javafmlmod.AutomaticEventSubscriber/LOADING]: Attempting to inject @EventBusSubscriber classes into the eventbus for enigmaticdice
[19ago2026 16:39:23.511] [modloading-worker-0/DEBUG] [net.neoforged.fml.javafmlmod.AutomaticEventSubscriber/LOADING]: Auto-subscribing net.jrdemiurge.enigmaticdice.attribute.ModAttributes to MOD
[19ago2026 16:39:23.513] [modloading-worker-0/DEBUG] [net.neoforged.fml.javafmlmod.AutomaticEventSubscriber/LOADING]: Auto-subscribing net.jrdemiurge.enigmaticdice.config.ConfigHandler to GAME
[19ago2026 16:39:23.514] [modloading-worker-0/DEBUG] [net.neoforged.fml.javafmlmod.AutomaticEventSubscriber/LOADING]: Auto-subscribing net.jrdemiurge.enigmaticdice.Config to MOD
[19ago2026 16:39:23.515] [modloading-worker-0/DEBUG] [net.neoforged.fml.javafmlmod.AutomaticEventSubscriber/LOADING]: Auto-subscribing net.jrdemiurge.enigmaticdice.event.AdvancementHandler to GAME
[19ago2026 16:39:23.518] [modloading-worker-0/DEBUG] [net.neoforged.fml.javafmlmod.AutomaticEventSubscriber/LOADING]: Auto-subscribing net.jrdemiurge.enigmaticdice.event.BlockBreakHandler to GAME
[19ago2026 16:39:23.520] [modloading-worker-0/DEBUG] [net.neoforged.fml.javafmlmod.AutomaticEventSubscriber/LOADING]: Auto-subscribing net.jrdemiurge.enigmaticdice.event.ClientTickHandler to GAME
[19ago2026 16:39:23.522] [modloading-worker-0/DEBUG] [net.neoforged.fml.javafmlmod.AutomaticEventSubscriber/LOADING]: Auto-subscribing net.jrdemiurge.enigmaticdice.event.ClientTimeHandler to GAME
[19ago2026 16:39:23.524] [modloading-worker-0/DEBUG] [net.neoforged.fml.javafmlmod.AutomaticEventSubscriber/LOADING]: Auto-subscribing net.jrdemiurge.enigmaticdice.event.ComputeCameraAnglesHandler to GAME
[19ago2026 16:39:23.527] [modloading-worker-0/DEBUG] [net.neoforged.fml.javafmlmod.AutomaticEventSubscriber/LOADING]: Auto-subscribing net.jrdemiurge.enigmaticdice.event.GravityCorePlayerTickHandler to GAME
[19ago2026 16:39:23.529] [modloading-worker-0/DEBUG] [net.neoforged.fml.javafmlmod.AutomaticEventSubscriber/LOADING]: Auto-subscribing net.jrdemiurge.enigmaticdice.event.LivingAttackHandler to GAME
[19ago2026 16:39:23.530] [modloading-worker-0/DEBUG] [net.neoforged.fml.javafmlmod.AutomaticEventSubscriber/LOADING]: Auto-subscribing net.jrdemiurge.enigmaticdice.event.LivingAttackLowestHandler to GAME
[19ago2026 16:39:23.531] [modloading-worker-0/DEBUG] [net.neoforged.fml.javafmlmod.AutomaticEventSubscriber/LOADING]: Auto-subscribing net.jrdemiurge.enigmaticdice.event.LivingDeathLowestHandler to GAME
[19ago2026 16:39:23.533] [modloading-worker-0/DEBUG] [net.neoforged.fml.javafmlmod.AutomaticEventSubscriber/LOADING]: Auto-subscribing net.jrdemiurge.enigmaticdice.event.LivingFallHandler to GAME
[19ago2026 16:39:23.535] [modloading-worker-0/DEBUG] [net.neoforged.fml.javafmlmod.AutomaticEventSubscriber/LOADING]: Auto-subscribing net.jrdemiurge.enigmaticdice.event.LivingHurtLowestHandler to GAME
[19ago2026 16:39:23.536] [modloading-worker-0/DEBUG] [net.neoforged.fml.javafmlmod.AutomaticEventSubscriber/LOADING]: Auto-subscribing net.jrdemiurge.enigmaticdice.event.LoggingOutHandler to GAME
[19ago2026 16:39:23.538] [modloading-worker-0/DEBUG] [net.neoforged.fml.javafmlmod.AutomaticEventSubscriber/LOADING]: Auto-subscribing net.jrdemiurge.enigmaticdice.event.LootEventHandler to GAME
[19ago2026 16:39:23.540] [modloading-worker-0/DEBUG] [net.neoforged.fml.javafmlmod.AutomaticEventSubscriber/LOADING]: Auto-subscribing net.jrdemiurge.enigmaticdice.event.MobDropHandler to GAME
[19ago2026 16:39:23.541] [modloading-worker-0/DEBUG] [net.neoforged.fml.javafmlmod.AutomaticEventSubscriber/LOADING]: Attempting to inject @EventBusSubscriber classes into the eventbus for neoforge
[19ago2026 16:39:23.542] [modloading-worker-0/DEBUG] [net.neoforged.fml.javafmlmod.AutomaticEventSubscriber/LOADING]: Auto-subscribing net.neoforged.neoforge.server.command.ConfigCommand to GAME
[19ago2026 16:39:23.542] [modloading-worker-0/DEBUG] [net.neoforged.fml.javafmlmod.AutomaticEventSubscriber/LOADING]: Auto-subscribing net.jrdemiurge.enigmaticdice.event.ModEventBusClientEvents to MOD
[19ago2026 16:39:23.543] [modloading-worker-0/DEBUG] [net.neoforged.fml.javafmlmod.AutomaticEventSubscriber/LOADING]: Auto-subscribing net.neoforged.neoforge.network.filters.GenericPacketSplitter to MOD
[19ago2026 16:39:23.544] [modloading-worker-0/DEBUG] [net.neoforged.fml.javafmlmod.AutomaticEventSubscriber/LOADING]: Auto-subscribing net.jrdemiurge.enigmaticdice.event.PlayerLogoutHandler to GAME
[19ago2026 16:39:23.546] [modloading-worker-0/DEBUG] [net.neoforged.fml.javafmlmod.AutomaticEventSubscriber/LOADING]: Auto-subscribing net.jrdemiurge.enigmaticdice.event.PlayerTickHandler to GAME
[19ago2026 16:39:23.548] [modloading-worker-0/DEBUG] [net.neoforged.fml.javafmlmod.AutomaticEventSubscriber/LOADING]: Auto-subscribing net.jrdemiurge.enigmaticdice.event.ServerStoppingHandler to GAME
[19ago2026 16:39:23.550] [modloading-worker-0/DEBUG] [net.neoforged.fml.javafmlmod.AutomaticEventSubscriber/LOADING]: Auto-subscribing net.jrdemiurge.enigmaticdice.event.TooltipEventHandler to GAME
[19ago2026 16:39:23.552] [modloading-worker-0/DEBUG] [net.neoforged.fml.javafmlmod.AutomaticEventSubscriber/LOADING]: Auto-subscribing net.jrdemiurge.enigmaticdice.network.NetworkHandler to MOD
[19ago2026 16:39:23.554] [modloading-worker-0/DEBUG] [net.neoforged.fml.javafmlmod.AutomaticEventSubscriber/LOADING]: Auto-subscribing net.jrdemiurge.enigmaticdice.scheduler.Scheduler to GAME
[19ago2026 16:39:23.577] [modloading-worker-0/DEBUG] [io.netty.buffer.AbstractByteBuf/]: -Dio.netty.buffer.checkAccessible: true
[19ago2026 16:39:23.577] [modloading-worker-0/DEBUG] [io.netty.buffer.AbstractByteBuf/]: -Dio.netty.buffer.checkBounds: true
[19ago2026 16:39:23.578] [modloading-worker-0/DEBUG] [io.netty.util.ResourceLeakDetectorFactory/]: Loaded default ResourceLeakDetector: io.netty.util.ResourceLeakDetector@c0c95af
[19ago2026 16:39:23.590] [modloading-worker-0/DEBUG] [io.netty.util.internal.InternalThreadLocalMap/]: -Dio.netty.threadLocalMap.stringBuilder.initialSize: 1024
[19ago2026 16:39:23.590] [modloading-worker-0/DEBUG] [io.netty.util.internal.InternalThreadLocalMap/]: -Dio.netty.threadLocalMap.stringBuilder.maxSize: 4096
[19ago2026 16:39:23.595] [modloading-worker-0/DEBUG] [io.netty.buffer.PooledByteBufAllocator/]: -Dio.netty.allocator.numHeapArenas: 24
[19ago2026 16:39:23.595] [modloading-worker-0/DEBUG] [io.netty.buffer.PooledByteBufAllocator/]: -Dio.netty.allocator.numDirectArenas: 24
[19ago2026 16:39:23.596] [modloading-worker-0/DEBUG] [io.netty.buffer.PooledByteBufAllocator/]: -Dio.netty.allocator.pageSize: 8192
[19ago2026 16:39:23.596] [modloading-worker-0/DEBUG] [io.netty.buffer.PooledByteBufAllocator/]: -Dio.netty.allocator.maxOrder: 9
[19ago2026 16:39:23.596] [modloading-worker-0/DEBUG] [io.netty.buffer.PooledByteBufAllocator/]: -Dio.netty.allocator.chunkSize: 4194304
[19ago2026 16:39:23.596] [modloading-worker-0/DEBUG] [io.netty.buffer.PooledByteBufAllocator/]: -Dio.netty.allocator.smallCacheSize: 256
[19ago2026 16:39:23.596] [modloading-worker-0/DEBUG] [io.netty.buffer.PooledByteBufAllocator/]: -Dio.netty.allocator.normalCacheSize: 64
[19ago2026 16:39:23.596] [modloading-worker-0/DEBUG] [io.netty.buffer.PooledByteBufAllocator/]: -Dio.netty.allocator.maxCachedBufferCapacity: 32768
[19ago2026 16:39:23.597] [modloading-worker-0/DEBUG] [io.netty.buffer.PooledByteBufAllocator/]: -Dio.netty.allocator.cacheTrimInterval: 8192
[19ago2026 16:39:23.597] [modloading-worker-0/DEBUG] [io.netty.buffer.PooledByteBufAllocator/]: -Dio.netty.allocator.cacheTrimIntervalMillis: 0
[19ago2026 16:39:23.597] [modloading-worker-0/DEBUG] [io.netty.buffer.PooledByteBufAllocator/]: -Dio.netty.allocator.useCacheForAllThreads: false
[19ago2026 16:39:23.597] [modloading-worker-0/DEBUG] [io.netty.buffer.PooledByteBufAllocator/]: -Dio.netty.allocator.maxCachedByteBuffersPerChunk: 1023
[19ago2026 16:39:23.612] [modloading-worker-0/DEBUG] [io.netty.buffer.ByteBufUtil/]: -Dio.netty.allocator.type: pooled
[19ago2026 16:39:23.612] [modloading-worker-0/DEBUG] [io.netty.buffer.ByteBufUtil/]: -Dio.netty.threadLocalDirectBufferSize: 0
[19ago2026 16:39:23.612] [modloading-worker-0/DEBUG] [io.netty.buffer.ByteBufUtil/]: -Dio.netty.maxThreadLocalCharBufferSize: 16384
[19ago2026 16:39:23.624] [modloading-worker-0/DEBUG] [net.neoforged.fml.javafmlmod.AutomaticEventSubscriber/LOADING]: Auto-subscribing net.neoforged.neoforge.network.NetworkInitialization to MOD
[19ago2026 16:39:23.627] [modloading-worker-0/DEBUG] [net.neoforged.fml.javafmlmod.AutomaticEventSubscriber/LOADING]: Auto-subscribing net.neoforged.neoforge.network.ConfigurationInitialization to MOD
[19ago2026 16:39:23.632] [modloading-worker-0/DEBUG] [net.neoforged.fml.javafmlmod.AutomaticEventSubscriber/LOADING]: Auto-subscribing net.neoforged.neoforge.common.MonsterRoomHooks to GAME
[19ago2026 16:39:23.634] [modloading-worker-0/DEBUG] [net.neoforged.fml.javafmlmod.AutomaticEventSubscriber/LOADING]: Auto-subscribing net.neoforged.neoforge.common.DeferredSpawnEggItem$CommonHandler to MOD
[19ago2026 16:39:23.636] [modloading-worker-0/DEBUG] [net.neoforged.fml.javafmlmod.AutomaticEventSubscriber/LOADING]: Auto-subscribing net.neoforged.neoforge.common.DeferredSpawnEggItem$ColorRegisterHandler to MOD
[19ago2026 16:39:23.637] [modloading-worker-0/DEBUG] [net.neoforged.fml.javafmlmod.AutomaticEventSubscriber/LOADING]: Auto-subscribing net.neoforged.neoforge.client.model.data.ModelDataManager to GAME
[19ago2026 16:39:23.640] [modloading-worker-0/DEBUG] [net.neoforged.fml.javafmlmod.AutomaticEventSubscriber/LOADING]: Auto-subscribing net.neoforged.neoforge.client.ParticleBoundsDebugRenderer to GAME
[19ago2026 16:39:23.645] [modloading-worker-0/DEBUG] [net.neoforged.fml.javafmlmod.AutomaticEventSubscriber/LOADING]: Auto-subscribing net.neoforged.neoforge.client.ClientHooks$ClientEvents to MOD
[19ago2026 16:39:23.651] [modloading-worker-0/DEBUG] [net.neoforged.fml.javafmlmod.AutomaticEventSubscriber/LOADING]: Auto-subscribing net.neoforged.neoforge.client.BlockEntityRenderBoundsDebugRenderer to GAME
[19ago2026 16:39:23.654] [modloading-worker-0/DEBUG] [net.neoforged.fml.javafmlmod.AutomaticEventSubscriber/LOADING]: Auto-subscribing net.neoforged.neoforge.attachment.AttachmentInternals to GAME
[19ago2026 16:39:23.677] [modloading-sync-worker/DEBUG] [net.neoforged.neoforge.registries.GameData/REGISTRIES]: Unfreezing registries
[19ago2026 16:39:23.936] [modloading-sync-worker/DEBUG] [net.neoforged.neoforge.registries.GameData/REGISTRIES]: Freezing registries
[19ago2026 16:39:23.973] [modloading-sync-worker/DEBUG] [net.neoforged.neoforge.registries.GameData/REGISTRIES]: All registries frozen
[19ago2026 16:39:23.974] [modloading-sync-worker/DEBUG] [net.neoforged.fml.config.ConfigTracker/CONFIG]: Loading configs type CLIENT
[19ago2026 16:39:23.979] [modloading-sync-worker/DEBUG] [net.neoforged.neoforge.common.NeoForgeConfig/FORGEMOD]: Loaded NeoForge config file neoforge-client.toml
[19ago2026 16:39:23.980] [modloading-sync-worker/DEBUG] [net.neoforged.fml.config.ConfigTracker/CONFIG]: Loaded TOML config file C:\Users\Administrator\Desktop\projects\Demis-Enigmatic-Dice\runs\client\config\neoforge-client.toml
[19ago2026 16:39:23.993] [modloading-sync-worker/DEBUG] [net.neoforged.fml.config.ConfigTracker/CONFIG]: Watching TOML config file C:\Users\Administrator\Desktop\projects\Demis-Enigmatic-Dice\runs\client\config\neoforge-client.toml for changes
[19ago2026 16:39:23.995] [modloading-sync-worker/DEBUG] [net.neoforged.fml.config.ConfigTracker/CONFIG]: Loaded TOML config file C:\Users\Administrator\Desktop\projects\Demis-Enigmatic-Dice\runs\client\config\curios-client.toml
[19ago2026 16:39:23.996] [modloading-sync-worker/DEBUG] [net.neoforged.fml.config.ConfigTracker/CONFIG]: Watching TOML config file C:\Users\Administrator\Desktop\projects\Demis-Enigmatic-Dice\runs\client\config\curios-client.toml for changes
[19ago2026 16:39:23.996] [modloading-sync-worker/DEBUG] [net.neoforged.fml.config.ConfigTracker/CONFIG]: Loading configs type COMMON
[19ago2026 16:39:23.999] [modloading-sync-worker/DEBUG] [net.neoforged.neoforge.common.NeoForgeConfig/FORGEMOD]: Loaded NeoForge config file neoforge-common.toml
[19ago2026 16:39:23.999] [modloading-sync-worker/DEBUG] [net.neoforged.fml.config.ConfigTracker/CONFIG]: Loaded TOML config file C:\Users\Administrator\Desktop\projects\Demis-Enigmatic-Dice\runs\client\config\neoforge-common.toml
[19ago2026 16:39:24.001] [modloading-sync-worker/DEBUG] [net.neoforged.fml.config.ConfigTracker/CONFIG]: Watching TOML config file C:\Users\Administrator\Desktop\projects\Demis-Enigmatic-Dice\runs\client\config\neoforge-common.toml for changes
[19ago2026 16:39:24.002] [modloading-sync-worker/DEBUG] [net.neoforged.fml.config.ConfigTracker/CONFIG]: Loaded TOML config file C:\Users\Administrator\Desktop\projects\Demis-Enigmatic-Dice\runs\client\config\curios-common.toml
[19ago2026 16:39:24.003] [modloading-sync-worker/DEBUG] [net.neoforged.fml.config.ConfigTracker/CONFIG]: Watching TOML config file C:\Users\Administrator\Desktop\projects\Demis-Enigmatic-Dice\runs\client\config\curios-common.toml for changes
[19ago2026 16:39:24.011] [modloading-sync-worker/DEBUG] [net.neoforged.fml.config.ConfigTracker/CONFIG]: Loaded TOML config file C:\Users\Administrator\Desktop\projects\Demis-Enigmatic-Dice\runs\client\config\enigmaticdice-common.toml
[19ago2026 16:39:24.012] [modloading-sync-worker/DEBUG] [net.neoforged.fml.config.ConfigTracker/CONFIG]: Watching TOML config file C:\Users\Administrator\Desktop\projects\Demis-Enigmatic-Dice\runs\client\config\enigmaticdice-common.toml for changes
[19ago2026 16:39:24.754] [Render thread/INFO] [net.neoforged.neoforge.gametest.GameTestHooks/]: Enabled Gametest Namespaces: [enigmaticdice]
[19ago2026 16:39:25.444] [Render thread/INFO] [net.minecraft.server.packs.resources.ReloadableResourceManager/]: Reloading ResourceManager: vanilla, mod_resources, mod/curios, mod/enigmaticdice, mod/neoforge
[19ago2026 16:39:25.505] [Worker-Main-1/DEBUG] [mixin/]: Mixing MixinCuriosApi from curios.neoforge.mixins.json into top.theillusivec4.curios.api.CuriosApi
[19ago2026 16:39:25.620] [Worker-Main-1/DEBUG] [mixin/]: curios.neoforge.mixins.json:MixinCuriosApi from mod curios->@Inject::curios$registerCurio(Lnet/minecraft/world/item/Item;Ltop/theillusivec4/curios/api/type/capability/ICurioItem;Lorg/spongepowered/asm/mixin/injection/callback/CallbackInfo;)V does use it's CallbackInfo
[19ago2026 16:39:25.620] [Worker-Main-1/DEBUG] [mixin/]: curios.neoforge.mixins.json:MixinCuriosApi from mod curios->@Inject::curios$getSlots(ZLorg/spongepowered/asm/mixin/injection/callback/CallbackInfoReturnable;)V does use it's CallbackInfoReturnable
[19ago2026 16:39:25.621] [Worker-Main-1/DEBUG] [mixin/]: curios.neoforge.mixins.json:MixinCuriosApi from mod curios->@Inject::curios$getEntitySlots(Lnet/minecraft/world/entity/EntityType;ZLorg/spongepowered/asm/mixin/injection/callback/CallbackInfoReturnable;)V does use it's CallbackInfoReturnable
[19ago2026 16:39:25.621] [Worker-Main-1/DEBUG] [mixin/]: curios.neoforge.mixins.json:MixinCuriosApi from mod curios->@Inject::curios$getItemStackSlots(Lnet/minecraft/world/item/ItemStack;ZLorg/spongepowered/asm/mixin/injection/callback/CallbackInfoReturnable;)V does use it's CallbackInfoReturnable
[19ago2026 16:39:25.621] [Worker-Main-1/DEBUG] [mixin/]: curios.neoforge.mixins.json:MixinCuriosApi from mod curios->@Inject::curios$getItemStackSlots(Lnet/minecraft/world/item/ItemStack;Lnet/minecraft/world/entity/LivingEntity;Lorg/spongepowered/asm/mixin/injection/callback/CallbackInfoReturnable;)V does use it's CallbackInfoReturnable
[19ago2026 16:39:25.622] [Worker-Main-1/DEBUG] [mixin/]: curios.neoforge.mixins.json:MixinCuriosApi from mod curios->@Inject::curios$getCurio(Lnet/minecraft/world/item/ItemStack;Lorg/spongepowered/asm/mixin/injection/callback/CallbackInfoReturnable;)V does use it's CallbackInfoReturnable
[19ago2026 16:39:25.622] [Worker-Main-1/DEBUG] [mixin/]: curios.neoforge.mixins.json:MixinCuriosApi from mod curios->@Inject::curios$getCuriosInventory(Lnet/minecraft/world/entity/LivingEntity;Lorg/spongepowered/asm/mixin/injection/callback/CallbackInfoReturnable;)V does use it's CallbackInfoReturnable
[19ago2026 16:39:25.623] [Worker-Main-1/DEBUG] [mixin/]: curios.neoforge.mixins.json:MixinCuriosApi from mod curios->@Inject::curios$isStackValid(Ltop/theillusivec4/curios/api/SlotContext;Lnet/minecraft/world/item/ItemStack;Lorg/spongepowered/asm/mixin/injection/callback/CallbackInfoReturnable;)V does use it's CallbackInfoReturnable
[19ago2026 16:39:25.623] [Worker-Main-1/DEBUG] [mixin/]: curios.neoforge.mixins.json:MixinCuriosApi from mod curios->@Inject::curios$getAttributeModifiers(Ltop/theillusivec4/curios/api/SlotContext;Lnet/minecraft/resources/ResourceLocation;Lnet/minecraft/world/item/ItemStack;Lorg/spongepowered/asm/mixin/injection/callback/CallbackInfoReturnable;)V does use it's CallbackInfoReturnable
[19ago2026 16:39:25.623] [Worker-Main-1/DEBUG] [mixin/]: curios.neoforge.mixins.json:MixinCuriosApi from mod curios->@Inject::curios$addSlotModifier(Lcom/google/common/collect/Multimap;Ljava/lang/String;Lnet/minecraft/resources/ResourceLocation;DLnet/minecraft/world/entity/ai/attributes/AttributeModifier$Operation;Lorg/spongepowered/asm/mixin/injection/callback/CallbackInfo;)V does use it's CallbackInfo
[19ago2026 16:39:25.624] [Worker-Main-1/DEBUG] [mixin/]: curios.neoforge.mixins.json:MixinCuriosApi from mod curios->@Inject::curios$addSlotModifier(Lnet/minecraft/world/item/ItemStack;Ljava/lang/String;Lnet/minecraft/resources/ResourceLocation;DLnet/minecraft/world/entity/ai/attributes/AttributeModifier$Operation;Ljava/lang/String;Lorg/spongepowered/asm/mixin/injection/callback/CallbackInfo;)V does use it's CallbackInfo
[19ago2026 16:39:25.624] [Worker-Main-1/DEBUG] [mixin/]: curios.neoforge.mixins.json:MixinCuriosApi from mod curios->@Inject::curios$addModifier(Lnet/minecraft/world/item/ItemStack;Lnet/minecraft/core/Holder;Lnet/minecraft/resources/ResourceLocation;DLnet/minecraft/world/entity/ai/attributes/AttributeModifier$Operation;Ljava/lang/String;Lorg/spongepowered/asm/mixin/injection/callback/CallbackInfo;)V does use it's CallbackInfo
[19ago2026 16:39:25.624] [Worker-Main-1/DEBUG] [mixin/]: curios.neoforge.mixins.json:MixinCuriosApi from mod curios->@Inject::curios$registerCurioPredicate(Lnet/minecraft/resources/ResourceLocation;Ljava/util/function/Predicate;Lorg/spongepowered/asm/mixin/injection/callback/CallbackInfo;)V does use it's CallbackInfo
[19ago2026 16:39:25.625] [Worker-Main-1/DEBUG] [mixin/]: curios.neoforge.mixins.json:MixinCuriosApi from mod curios->@Inject::curios$getCurioPredicate(Lnet/minecraft/resources/ResourceLocation;Lorg/spongepowered/asm/mixin/injection/callback/CallbackInfoReturnable;)V does use it's CallbackInfoReturnable
[19ago2026 16:39:25.625] [Worker-Main-1/DEBUG] [mixin/]: curios.neoforge.mixins.json:MixinCuriosApi from mod curios->@Inject::curios$getCurioPredicates(Lorg/spongepowered/asm/mixin/injection/callback/CallbackInfoReturnable;)V does use it's CallbackInfoReturnable
[19ago2026 16:39:25.626] [Worker-Main-1/DEBUG] [mixin/]: curios.neoforge.mixins.json:MixinCuriosApi from mod curios->@Inject::curios$testCurioPredicates(Ljava/util/Set;Ltop/theillusivec4/curios/api/SlotResult;Lorg/spongepowered/asm/mixin/injection/callback/CallbackInfoReturnable;)V does use it's CallbackInfoReturnable
[19ago2026 16:39:25.626] [Worker-Main-1/DEBUG] [mixin/]: curios.neoforge.mixins.json:MixinCuriosApi from mod curios->@Inject::curios$getUuid(Ltop/theillusivec4/curios/api/SlotContext;Lorg/spongepowered/asm/mixin/injection/callback/CallbackInfoReturnable;)V does use it's CallbackInfoReturnable
[19ago2026 16:39:25.626] [Worker-Main-1/DEBUG] [mixin/]: curios.neoforge.mixins.json:MixinCuriosApi from mod curios->@Inject::curios$broadcastCurioBreakEvent(Ltop/theillusivec4/curios/api/SlotContext;Lorg/spongepowered/asm/mixin/injection/callback/CallbackInfo;)V does use it's CallbackInfo
[19ago2026 16:39:25.843] [Render thread/DEBUG] [net.neoforged.fml.DeferredWorkQueue/LOADING]: Dispatching synchronous work for work queue Common setup: 3 jobs
[19ago2026 16:39:25.852] [Render thread/DEBUG] [net.neoforged.fml.DeferredWorkQueue/LOADING]: Synchronous work queue completed in 6.370 ms
[19ago2026 16:39:26.185] [Worker-Main-10/INFO] [net.minecraft.client.gui.font.providers.UnihexProvider/]: Found unifont_all_no_pua-15.1.05.hex, loading
[19ago2026 16:39:26.406] [Worker-Main-3/INFO] [net.minecraft.client.gui.font.providers.UnihexProvider/]: Found unifont_jp_patch-15.1.05.hex, loading
[19ago2026 16:39:27.044] [Worker-Main-5/ERROR] [net.minecraft.client.resources.model.ModelManager/]: Failed to load model enigmaticdice:models/item/fire_clever_spear.json
com.google.gson.JsonSyntaxException: com.google.gson.stream.MalformedJsonException: Use JsonReader.setLenient(true) to accept malformed JSON at line 1 column 1 path $
	at MC-BOOTSTRAP/com.google.gson@2.10.1/com.google.gson.internal.Streams.parse(Streams.java:61) ~[gson-2.10.1.jar%23107!/:?]
	at MC-BOOTSTRAP/com.google.gson@2.10.1/com.google.gson.internal.bind.TreeTypeAdapter.read(TreeTypeAdapter.java:72) ~[gson-2.10.1.jar%23107!/:?]
	at TRANSFORMER/minecraft@1.21.1/net.minecraft.util.GsonHelper.fromNullableJson(GsonHelper.java:432) ~[neoforge-21.1.73.jar%23189!/:?]
	at TRANSFORMER/minecraft@1.21.1/net.minecraft.util.GsonHelper.fromJson(GsonHelper.java:439) ~[neoforge-21.1.73.jar%23189!/:?]
	at TRANSFORMER/minecraft@1.21.1/net.minecraft.util.GsonHelper.fromJson(GsonHelper.java:491) ~[neoforge-21.1.73.jar%23189!/:?]
	at TRANSFORMER/minecraft@1.21.1/net.minecraft.client.renderer.block.model.BlockModel.fromStream(BlockModel.java:83) ~[neoforge-21.1.73.jar%23189!/:?]
	at TRANSFORMER/minecraft@1.21.1/net.minecraft.client.resources.model.ModelManager.lambda$loadBlockModels$8(ModelManager.java:143) ~[neoforge-21.1.73.jar%23189!/:?]
	at java.base/java.util.concurrent.CompletableFuture$AsyncSupply.run(CompletableFuture.java:1768) [?:?]
	at java.base/java.util.concurrent.CompletableFuture$AsyncSupply.exec(CompletableFuture.java:1760) [?:?]
	at java.base/java.util.concurrent.ForkJoinTask.doExec(ForkJoinTask.java:387) [?:?]
	at java.base/java.util.concurrent.ForkJoinPool$WorkQueue.topLevelExec(ForkJoinPool.java:1312) [?:?]
	at java.base/java.util.concurrent.ForkJoinPool.scan(ForkJoinPool.java:1843) [?:?]
	at java.base/java.util.concurrent.ForkJoinPool.runWorker(ForkJoinPool.java:1808) [?:?]
	at java.base/java.util.concurrent.ForkJoinWorkerThread.run(ForkJoinWorkerThread.java:188) [?:?]
Caused by: com.google.gson.stream.MalformedJsonException: Use JsonReader.setLenient(true) to accept malformed JSON at line 1 column 1 path $
	at MC-BOOTSTRAP/com.google.gson@2.10.1/com.google.gson.stream.JsonReader.syntaxError(JsonReader.java:1659) ~[gson-2.10.1.jar%23107!/:?]
	at MC-BOOTSTRAP/com.google.gson@2.10.1/com.google.gson.stream.JsonReader.checkLenient(JsonReader.java:1465) ~[gson-2.10.1.jar%23107!/:?]
	at MC-BOOTSTRAP/com.google.gson@2.10.1/com.google.gson.stream.JsonReader.doPeek(JsonReader.java:602) ~[gson-2.10.1.jar%23107!/:?]
	at MC-BOOTSTRAP/com.google.gson@2.10.1/com.google.gson.stream.JsonReader.peek(JsonReader.java:433) ~[gson-2.10.1.jar%23107!/:?]
	at MC-BOOTSTRAP/com.google.gson@2.10.1/com.google.gson.internal.Streams.parse(Streams.java:47) ~[gson-2.10.1.jar%23107!/:?]
	... 13 more
[19ago2026 16:39:27.061] [Worker-Main-4/WARN] [net.minecraft.client.renderer.texture.SpriteLoader/]: Texture enigmaticdice:item/moon_1 with size 8x8 limits mip level from 4 to 3
[19ago2026 16:39:29.101] [Worker-Main-5/WARN] [net.minecraft.client.resources.model.ModelManager/]: Missing textures in model enigmaticdice:unfinished_weapon#inventory:
    minecraft:textures/atlas/blocks.png:enigmaticdice:item/unfinished_weapon
[19ago2026 16:39:29.460] [Render thread/WARN] [net.minecraft.client.sounds.SoundEngine/]: Missing sound for event: minecraft:item.goat_horn.play
[19ago2026 16:39:29.460] [Render thread/WARN] [net.minecraft.client.sounds.SoundEngine/]: Missing sound for event: minecraft:entity.goat.screaming.horn_break
[19ago2026 16:39:29.530] [Render thread/INFO] [com.mojang.blaze3d.audio.Library/]: OpenAL initialized on device OpenAL Soft on Headphone (Realtek High Definition Audio)
[19ago2026 16:39:29.531] [Render thread/INFO] [net.minecraft.client.sounds.SoundEngine/SOUNDS]: Sound engine started
[19ago2026 16:39:29.805] [Render thread/INFO] [net.minecraft.client.renderer.texture.TextureAtlas/]: Created: 1024x1024x4 minecraft:textures/atlas/blocks.png-atlas
[19ago2026 16:39:29.984] [Render thread/INFO] [net.minecraft.client.renderer.texture.TextureAtlas/]: Created: 256x256x4 minecraft:textures/atlas/signs.png-atlas
[19ago2026 16:39:29.988] [Render thread/INFO] [net.minecraft.client.renderer.texture.TextureAtlas/]: Created: 512x512x4 minecraft:textures/atlas/banner_patterns.png-atlas
[19ago2026 16:39:29.996] [Render thread/INFO] [net.minecraft.client.renderer.texture.TextureAtlas/]: Created: 512x512x4 minecraft:textures/atlas/shield_patterns.png-atlas
[19ago2026 16:39:30.005] [Render thread/INFO] [net.minecraft.client.renderer.texture.TextureAtlas/]: Created: 1024x1024x4 minecraft:textures/atlas/armor_trims.png-atlas
[19ago2026 16:39:30.069] [Render thread/INFO] [net.minecraft.client.renderer.texture.TextureAtlas/]: Created: 256x256x4 minecraft:textures/atlas/chest.png-atlas
[19ago2026 16:39:30.071] [Render thread/INFO] [net.minecraft.client.renderer.texture.TextureAtlas/]: Created: 128x64x4 minecraft:textures/atlas/decorated_pot.png-atlas
[19ago2026 16:39:30.074] [Render thread/INFO] [net.minecraft.client.renderer.texture.TextureAtlas/]: Created: 512x256x4 minecraft:textures/atlas/beds.png-atlas
[19ago2026 16:39:30.077] [Render thread/INFO] [net.minecraft.client.renderer.texture.TextureAtlas/]: Created: 512x256x4 minecraft:textures/atlas/shulker_boxes.png-atlas
[19ago2026 16:39:30.244] [Render thread/INFO] [net.minecraft.client.renderer.texture.TextureAtlas/]: Created: 512x256x0 minecraft:textures/atlas/particles.png-atlas
[19ago2026 16:39:30.264] [Render thread/INFO] [net.minecraft.client.renderer.texture.TextureAtlas/]: Created: 512x256x0 minecraft:textures/atlas/paintings.png-atlas
[19ago2026 16:39:30.269] [Render thread/INFO] [net.minecraft.client.renderer.texture.TextureAtlas/]: Created: 512x512x0 minecraft:textures/atlas/mob_effects.png-atlas
[19ago2026 16:39:30.275] [Render thread/INFO] [net.minecraft.client.renderer.texture.TextureAtlas/]: Created: 64x64x0 minecraft:textures/atlas/map_decorations.png-atlas
[19ago2026 16:39:30.278] [Render thread/INFO] [net.minecraft.client.renderer.texture.TextureAtlas/]: Created: 1024x512x0 minecraft:textures/atlas/gui.png-atlas
[19ago2026 16:39:30.389] [Render thread/WARN] [net.minecraft.client.renderer.ShaderInstance/]: Shader rendertype_entity_translucent_emissive could not find sampler named Sampler2 in the specified shader program.
[19ago2026 16:39:30.551] [Render thread/INFO] [net.neoforged.neoforge.client.entity.animation.json.AnimationLoader/]: Loaded 0 entity animations
[19ago2026 16:41:25.058] [Render thread/INFO] [net.minecraft.world.item.crafting.RecipeManager/]: Loaded 1290 recipes
[19ago2026 16:41:25.489] [Render thread/INFO] [net.minecraft.advancements.AdvancementTree/]: Loaded 1399 advancements
[19ago2026 16:41:25.501] [Render thread/INFO] [Curios API/]: Loaded 10 curio slots
[19ago2026 16:41:25.507] [Render thread/INFO] [Curios API/]: Loaded 1 curio entities
[19ago2026 16:41:26.193] [Render thread/DEBUG] [net.neoforged.neoforge.common.CommonHooks/WP]: Gathered mod list to write to world save New World
[19ago2026 16:41:26.273] [Server thread/INFO] [net.minecraft.client.server.IntegratedServer/]: Starting integrated minecraft server version 1.21.1
[19ago2026 16:41:26.274] [Server thread/INFO] [net.minecraft.server.MinecraftServer/]: Generating keypair
[19ago2026 16:41:26.365] [Server thread/DEBUG] [net.neoforged.fml.config.ConfigTracker/CONFIG]: Loading configs type SERVER
[19ago2026 16:41:26.368] [Server thread/DEBUG] [net.neoforged.neoforge.common.NeoForgeConfig/FORGEMOD]: Loaded NeoForge config file neoforge-server.toml
[19ago2026 16:41:26.369] [Server thread/DEBUG] [net.neoforged.fml.config.ConfigTracker/CONFIG]: Loaded TOML config file C:\Users\Administrator\Desktop\projects\Demis-Enigmatic-Dice\runs\client\config\neoforge-server.toml
[19ago2026 16:41:26.370] [Server thread/DEBUG] [net.neoforged.fml.config.ConfigTracker/CONFIG]: Watching TOML config file C:\Users\Administrator\Desktop\projects\Demis-Enigmatic-Dice\runs\client\config\neoforge-server.toml for changes
[19ago2026 16:41:26.372] [Server thread/DEBUG] [net.neoforged.fml.config.ConfigTracker/CONFIG]: Loaded TOML config file C:\Users\Administrator\Desktop\projects\Demis-Enigmatic-Dice\runs\client\config\curios-server.toml
[19ago2026 16:41:26.373] [Server thread/DEBUG] [net.neoforged.fml.config.ConfigTracker/CONFIG]: Watching TOML config file C:\Users\Administrator\Desktop\projects\Demis-Enigmatic-Dice\runs\client\config\curios-server.toml for changes
[19ago2026 16:41:26.439] [Server thread/INFO] [net.jrdemiurge.enigmaticdice.EnigmaticDice/]: Enigmatic Dice config loading...
[19ago2026 16:41:27.985] [Server thread/INFO] [net.minecraft.server.MinecraftServer/]: Preparing start region for dimension minecraft:overworld
[19ago2026 16:41:28.334] [progressListener/INFO] [net.minecraft.server.level.progress.LoggerChunkProgressListener/]: Preparing spawn area: 0%
[19ago2026 16:41:28.479] [Server thread/INFO] [net.neoforged.neoforge.server.permission.PermissionAPI/]: Successfully initialized permission handler neoforge:default_handler
[19ago2026 16:41:28.490] [progressListener/INFO] [net.minecraft.server.level.progress.LoggerChunkProgressListener/]: Time elapsed: 496 ms
[19ago2026 16:41:28.608] [Server thread/INFO] [net.minecraft.client.server.IntegratedServer/]: Changing view distance to 12, from 10
[19ago2026 16:41:28.608] [Server thread/INFO] [net.minecraft.client.server.IntegratedServer/]: Changing simulation distance to 12, from 0
[19ago2026 16:41:28.639] [Render thread/DEBUG] [io.netty.channel.MultithreadEventLoopGroup/]: -Dio.netty.eventLoopThreads: 24
[19ago2026 16:41:28.660] [Render thread/DEBUG] [io.netty.util.concurrent.GlobalEventExecutor/]: -Dio.netty.globalEventExecutor.quietPeriodSeconds: 1
[19ago2026 16:41:28.679] [Render thread/DEBUG] [io.netty.channel.nio.NioEventLoop/]: -Dio.netty.noKeySetOptimization: false
[19ago2026 16:41:28.679] [Render thread/DEBUG] [io.netty.channel.nio.NioEventLoop/]: -Dio.netty.selectorAutoRebuildThreshold: 512
[19ago2026 16:41:28.690] [Render thread/DEBUG] [io.netty.util.internal.PlatformDependent/]: org.jctools-core.MpscChunkedArrayQueue: available
[19ago2026 16:41:28.747] [Render thread/DEBUG] [io.netty.channel.DefaultChannelId/]: -Dio.netty.processId: 9296 (auto-detected)
[19ago2026 16:41:28.750] [Render thread/DEBUG] [io.netty.util.NetUtil/]: -Djava.net.preferIPv4Stack: false
[19ago2026 16:41:28.750] [Render thread/DEBUG] [io.netty.util.NetUtil/]: -Djava.net.preferIPv6Addresses: system
[19ago2026 16:41:28.758] [Render thread/DEBUG] [io.netty.util.NetUtilInitializations/]: Loopback interface: loopback_0 (Software Loopback Interface 1, 0:0:0:0:0:0:0:1)
[19ago2026 16:41:28.764] [Render thread/DEBUG] [io.netty.util.NetUtil/]: Failed to get SOMAXCONN from sysctl and file \proc\sys\net\core\somaxconn. Default: 200
[19ago2026 16:41:28.767] [Render thread/DEBUG] [io.netty.channel.DefaultChannelId/]: -Dio.netty.machineId: a8:41:f4:ff:fe:e3:85:c3 (auto-detected)
[19ago2026 16:41:28.918] [Render thread/DEBUG] [io.netty.util.Recycler/]: -Dio.netty.recycler.maxCapacityPerThread: 4096
[19ago2026 16:41:28.918] [Render thread/DEBUG] [io.netty.util.Recycler/]: -Dio.netty.recycler.ratio: 8
[19ago2026 16:41:28.918] [Render thread/DEBUG] [io.netty.util.Recycler/]: -Dio.netty.recycler.chunkSize: 32
[19ago2026 16:41:28.919] [Render thread/DEBUG] [io.netty.util.Recycler/]: -Dio.netty.recycler.blocking: false
[19ago2026 16:41:28.919] [Render thread/DEBUG] [io.netty.util.Recycler/]: -Dio.netty.recycler.batchFastThreadLocalOnly: true
[19ago2026 16:41:29.161] [Netty Server IO #1/DEBUG] [net.neoforged.neoforge.network.filters.NetworkFilters/]: Injected net.neoforged.neoforge.network.filters.GenericPacketSplitter@416686b3 into net.minecraft.network.Connection@4de231e1
[19ago2026 16:41:29.174] [Netty Local Client IO #0/DEBUG] [net.neoforged.neoforge.network.filters.NetworkFilters/]: Injected net.neoforged.neoforge.network.filters.GenericPacketSplitter@6cca1cfe into net.minecraft.network.Connection@5e7881a0
[19ago2026 16:41:29.627] [Netty Server IO #1/DEBUG] [net.neoforged.neoforge.network.filters.NetworkFilters/]: Injected net.neoforged.neoforge.network.filters.GenericPacketSplitter@3e0985f9 into net.minecraft.network.Connection@4de231e1
[19ago2026 16:41:29.717] [Server thread/INFO] [net.minecraft.server.players.PlayerList/]: Dev[local:E:b5d0b69e] logged in with entity id 44 at (-31.54042279794689, 84.0, -3.146261961624195)
[19ago2026 16:41:29.762] [Server thread/INFO] [net.minecraft.server.MinecraftServer/]: Dev joined the game
[19ago2026 16:41:29.993] [Render thread/INFO] [net.minecraft.advancements.AdvancementTree/]: Loaded 2 advancements
[19ago2026 16:41:30.586] [Server thread/INFO] [net.minecraft.client.server.IntegratedServer/]: Saving and pausing game...
[19ago2026 16:41:30.611] [Server thread/INFO] [net.minecraft.server.MinecraftServer/]: Saving chunks for level 'ServerLevel[New World]'/minecraft:overworld
[19ago2026 16:41:30.636] [Server thread/INFO] [net.minecraft.server.MinecraftServer/]: Saving chunks for level 'ServerLevel[New World]'/minecraft:the_end
[19ago2026 16:41:30.640] [Server thread/INFO] [net.minecraft.server.MinecraftServer/]: Saving chunks for level 'ServerLevel[New World]'/minecraft:the_nether
[19ago2026 16:41:30.644] [Server thread/DEBUG] [net.neoforged.neoforge.common.CommonHooks/WP]: Gathered mod list to write to world save New World
[19ago2026 16:43:42.981] [Render thread/INFO] [net.jrdemiurge.enigmaticdice.EnigmaticDice/]: Config minecraft_give_modded_random_potion is disabled.
[19ago2026 16:43:42.995] [Render thread/INFO] [net.jrdemiurge.enigmaticdice.EnigmaticDice/]: Skipping event enigmaticlegacy_eternal_binding: required mod enigmaticlegacy is missing.
[19ago2026 16:43:42.996] [Render thread/INFO] [net.jrdemiurge.enigmaticdice.EnigmaticDice/]: Skipping event alexsmobs_summon_warped_toads: required mod alexsmobs is missing.
[19ago2026 16:43:42.997] [Render thread/INFO] [net.jrdemiurge.enigmaticdice.EnigmaticDice/]: Skipping event alexsmobs_summon_centipede: required mod alexsmobs is missing.
[19ago2026 16:43:42.997] [Render thread/INFO] [net.jrdemiurge.enigmaticdice.EnigmaticDice/]: Skipping event alexscaves_nuclear_bomb: required mod alexscaves is missing.
[19ago2026 16:43:42.997] [Render thread/INFO] [net.jrdemiurge.enigmaticdice.EnigmaticDice/]: Skipping event alexscaves_summon_raycat: required mod alexscaves is missing.
[19ago2026 16:43:42.998] [Render thread/INFO] [net.jrdemiurge.enigmaticdice.EnigmaticDice/]: Skipping event alexscaves_summon_subterranodon: required mod alexscaves is missing.
[19ago2026 16:43:42.998] [Render thread/INFO] [net.jrdemiurge.enigmaticdice.EnigmaticDice/]: Skipping event alexscaves_summon_vallumraptor: required mod alexscaves is missing.
[19ago2026 16:43:42.998] [Render thread/INFO] [net.jrdemiurge.enigmaticdice.EnigmaticDice/]: Skipping event alexscaves_summon_candicorn: required mod alexscaves is missing.
[19ago2026 16:43:42.999] [Render thread/INFO] [net.jrdemiurge.enigmaticdice.EnigmaticDice/]: Skipping event artifacts_summon_mimic: required mod artifacts is missing.
[19ago2026 16:43:42.999] [Render thread/INFO] [net.jrdemiurge.enigmaticdice.EnigmaticDice/]: Skipping event artifacts_wonderland_field: required mod artifacts is missing.
[19ago2026 16:43:42.999] [Render thread/INFO] [net.jrdemiurge.enigmaticdice.EnigmaticDice/]: Skipping event artifacts_summon_dummy_chest: required mod artifacts is missing.
[19ago2026 16:43:43.000] [Render thread/INFO] [net.jrdemiurge.enigmaticdice.EnigmaticDice/]: Skipping event netherexp_summon_carcass: required mod netherexp is missing.
[19ago2026 16:43:43.000] [Render thread/INFO] [net.jrdemiurge.enigmaticdice.EnigmaticDice/]: Skipping event terramity_black_hole_bomb: required mod terramity is missing.
[19ago2026 16:43:43.000] [Render thread/INFO] [net.jrdemiurge.enigmaticdice.EnigmaticDice/]: Skipping event terramity_macro_black_hole_bomb: required mod terramity is missing.
[19ago2026 16:43:43.001] [Render thread/INFO] [net.jrdemiurge.enigmaticdice.EnigmaticDice/]: Skipping event terramity_antimatter_bomb: required mod terramity is missing.
[19ago2026 16:43:43.001] [Render thread/INFO] [net.jrdemiurge.enigmaticdice.EnigmaticDice/]: Skipping event quark_give_ancient_tome: required mod quark is missing.
[19ago2026 16:43:43.001] [Render thread/INFO] [net.jrdemiurge.enigmaticdice.EnigmaticDice/]: Skipping event born_in_chaos_brood_awakens: required mod born_in_chaos_v1 is missing.
[19ago2026 16:43:43.003] [Render thread/INFO] [net.jrdemiurge.enigmaticdice.EnigmaticDice/]: Skipping event born_in_chaos_give_phantom_bomb: required mod born_in_chaos_v1 is missing.
[19ago2026 16:43:43.004] [Render thread/INFO] [net.jrdemiurge.enigmaticdice.EnigmaticDice/]: Skipping event born_in_chaos_give_bone_heart: required mod born_in_chaos_v1 is missing.
[19ago2026 16:43:43.004] [Render thread/INFO] [net.jrdemiurge.enigmaticdice.EnigmaticDice/]: Skipping event born_in_chaos_give_dark_atrium: required mod born_in_chaos_v1 is missing.
[19ago2026 16:43:43.004] [Render thread/INFO] [net.jrdemiurge.enigmaticdice.EnigmaticDice/]: Skipping event born_in_chaos_give_elixir_of_vampirism: required mod born_in_chaos_v1 is missing.
[19ago2026 16:43:43.005] [Render thread/INFO] [net.jrdemiurge.enigmaticdice.EnigmaticDice/]: Skipping event born_in_chaos_give_potion_of_rampage: required mod born_in_chaos_v1 is missing.
[19ago2026 16:43:43.005] [Render thread/INFO] [net.jrdemiurge.enigmaticdice.EnigmaticDice/]: Skipping event supplementaries_give_bomb: required mod supplementaries is missing.
[19ago2026 16:43:43.005] [Render thread/INFO] [net.jrdemiurge.enigmaticdice.EnigmaticDice/]: Skipping event supplementaries_give_bomb_blue: required mod supplementaries is missing.
[19ago2026 16:43:43.006] [Render thread/INFO] [net.jrdemiurge.enigmaticdice.EnigmaticDice/]: Skipping event enigmaticlegacy_give_twisted_potion: required mod enigmaticlegacy is missing.
[19ago2026 16:43:43.006] [Render thread/INFO] [net.jrdemiurge.enigmaticdice.EnigmaticDice/]: Skipping event enigmaticlegacy_give_golem_heart: required mod enigmaticlegacy is missing.
[19ago2026 16:43:43.006] [Render thread/INFO] [net.jrdemiurge.enigmaticdice.EnigmaticDice/]: Skipping event enigmaticlegacy_give_angel_blessing: required mod enigmaticlegacy is missing.
[19ago2026 16:43:43.006] [Render thread/INFO] [net.jrdemiurge.enigmaticdice.EnigmaticDice/]: Skipping event enigmaticlegacy_give_ocean_stone: required mod enigmaticlegacy is missing.
[19ago2026 16:43:43.007] [Render thread/INFO] [net.jrdemiurge.enigmaticdice.EnigmaticDice/]: Skipping event enigmaticlegacy_give_blazing_core: required mod enigmaticlegacy is missing.
[19ago2026 16:43:43.007] [Render thread/INFO] [net.jrdemiurge.enigmaticdice.EnigmaticDice/]: Skipping event enigmaticlegacy_give_eye_of_nebula: required mod enigmaticlegacy is missing.
[19ago2026 16:43:43.007] [Render thread/INFO] [net.jrdemiurge.enigmaticdice.EnigmaticDice/]: Skipping event enigmaticlegacy_give_void_pearl: required mod enigmaticlegacy is missing.
[19ago2026 16:43:43.007] [Render thread/INFO] [net.jrdemiurge.enigmaticdice.EnigmaticDice/]: Skipping event enigmaticlegacy_give_cosmic_cake: required mod enigmaticlegacy is missing.
[19ago2026 16:43:43.008] [Render thread/INFO] [net.jrdemiurge.enigmaticdice.EnigmaticDice/]: Skipping event enigmaticlegacy_give_redemption_potion: required mod enigmaticlegacy is missing.
[19ago2026 16:43:43.008] [Render thread/INFO] [net.jrdemiurge.enigmaticdice.EnigmaticDice/]: Skipping event enigmaticlegacy_give_soul_crystal: required mod enigmaticlegacy is missing.
[19ago2026 16:43:43.008] [Render thread/INFO] [net.jrdemiurge.enigmaticdice.EnigmaticDice/]: Skipping event enigmaticlegacy_give_earth_heart: required mod enigmaticlegacy is missing.
[19ago2026 16:43:43.009] [Render thread/INFO] [net.jrdemiurge.enigmaticdice.EnigmaticDice/]: Skipping event enigmaticlegacy_give_golden_ring: required mod enigmaticlegacy is missing.
[19ago2026 16:43:43.009] [Render thread/INFO] [net.jrdemiurge.enigmaticdice.EnigmaticDice/]: Skipping event simplyswords_give_brimstone_claymore: required mod simplyswords is missing.
[19ago2026 16:43:43.009] [Render thread/INFO] [net.jrdemiurge.enigmaticdice.EnigmaticDice/]: Skipping event simplyswords_give_watcher_claymore: required mod simplyswords is missing.
[19ago2026 16:43:43.010] [Render thread/INFO] [net.jrdemiurge.enigmaticdice.EnigmaticDice/]: Skipping event simplyswords_give_storms_edge: required mod simplyswords is missing.
[19ago2026 16:43:43.010] [Render thread/INFO] [net.jrdemiurge.enigmaticdice.EnigmaticDice/]: Skipping event simplyswords_give_stormbringer: required mod simplyswords is missing.
[19ago2026 16:43:43.010] [Render thread/INFO] [net.jrdemiurge.enigmaticdice.EnigmaticDice/]: Skipping event simplyswords_give_bramblethorn: required mod simplyswords is missing.
[19ago2026 16:43:43.010] [Render thread/INFO] [net.jrdemiurge.enigmaticdice.EnigmaticDice/]: Skipping event simplyswords_give_watching_warglaive: required mod simplyswords is missing.
[19ago2026 16:43:43.011] [Render thread/INFO] [net.jrdemiurge.enigmaticdice.EnigmaticDice/]: Skipping event simplyswords_give_toxic_longsword: required mod simplyswords is missing.
[19ago2026 16:43:43.011] [Render thread/INFO] [net.jrdemiurge.enigmaticdice.EnigmaticDice/]: Skipping event simplyswords_give_twisted_blade: required mod simplyswords is missing.
[19ago2026 16:43:43.011] [Render thread/INFO] [net.jrdemiurge.enigmaticdice.EnigmaticDice/]: Skipping event simplyswords_give_soulrender: required mod simplyswords is missing.
[19ago2026 16:43:43.011] [Render thread/INFO] [net.jrdemiurge.enigmaticdice.EnigmaticDice/]: Skipping event simplyswords_give_soulpyre: required mod simplyswords is missing.
[19ago2026 16:43:43.012] [Render thread/INFO] [net.jrdemiurge.enigmaticdice.EnigmaticDice/]: Skipping event simplyswords_give_molten_edge: required mod simplyswords is missing.
[19ago2026 16:43:43.012] [Render thread/INFO] [net.jrdemiurge.enigmaticdice.EnigmaticDice/]: Skipping event simplyswords_give_mjolnir: required mod simplyswords is missing.
[19ago2026 16:43:43.012] [Render thread/INFO] [net.jrdemiurge.enigmaticdice.EnigmaticDice/]: Skipping event simplyswords_give_shadowsting: required mod simplyswords is missing.
[19ago2026 16:43:43.012] [Render thread/INFO] [net.jrdemiurge.enigmaticdice.EnigmaticDice/]: Skipping event simplyswords_give_whisperwind: required mod simplyswords is missing.
[19ago2026 16:43:43.013] [Render thread/INFO] [net.jrdemiurge.enigmaticdice.EnigmaticDice/]: Skipping event simplyswords_give_emberlash: required mod simplyswords is missing.
[19ago2026 16:43:43.013] [Render thread/INFO] [net.jrdemiurge.enigmaticdice.EnigmaticDice/]: Skipping event simplyswords_give_stars_edge: required mod simplyswords is missing.
[19ago2026 16:43:43.013] [Render thread/INFO] [net.jrdemiurge.enigmaticdice.EnigmaticDice/]: Skipping event simplyswords_give_tempest: required mod simplyswords is missing.
[19ago2026 16:43:43.014] [Render thread/INFO] [net.jrdemiurge.enigmaticdice.EnigmaticDice/]: Skipping event simplyswords_give_ribboncleaver: required mod simplyswords is missing.
[19ago2026 16:43:43.014] [Render thread/INFO] [net.jrdemiurge.enigmaticdice.EnigmaticDice/]: Skipping event simplyswords_give_runic_tablet: required mod simplyswords is missing.
[19ago2026 16:43:43.014] [Render thread/INFO] [net.jrdemiurge.enigmaticdice.EnigmaticDice/]: Skipping event alexscaves_give_desolate_dagger: required mod alexscaves is missing.
[19ago2026 16:43:43.014] [Render thread/INFO] [net.jrdemiurge.enigmaticdice.EnigmaticDice/]: Skipping event skyarena_give_mob_analyzer: required mod skyarena is missing.
[19ago2026 16:43:43.031] [Render thread/INFO] [net.minecraft.client.gui.components.ChatComponent/]: [System] [CHAT] Let the wound become just a memory
[19ago2026 16:46:07.282] [Server thread/INFO] [net.minecraft.client.server.IntegratedServer/]: Saving and pausing game...
[19ago2026 16:46:07.293] [Server thread/INFO] [net.minecraft.server.MinecraftServer/]: Saving chunks for level 'ServerLevel[New World]'/minecraft:overworld
[19ago2026 16:46:07.309] [Server thread/INFO] [net.minecraft.server.MinecraftServer/]: Saving chunks for level 'ServerLevel[New World]'/minecraft:the_end
[19ago2026 16:46:07.315] [Server thread/INFO] [net.minecraft.server.MinecraftServer/]: Saving chunks for level 'ServerLevel[New World]'/minecraft:the_nether
[19ago2026 16:46:07.320] [Server thread/DEBUG] [net.neoforged.neoforge.common.CommonHooks/WP]: Gathered mod list to write to world save New World
[19ago2026 16:46:07.840] [Server thread/INFO] [net.minecraft.server.network.ServerGamePacketListenerImpl/]: Dev lost connection: Disconnected
[19ago2026 16:46:07.841] [Server thread/INFO] [net.minecraft.server.MinecraftServer/]: Dev left the game
[19ago2026 16:46:07.848] [Server thread/INFO] [net.minecraft.server.network.ServerCommonPacketListenerImpl/]: Stopping singleplayer server as player logged out
[19ago2026 16:46:07.882] [Server thread/INFO] [net.minecraft.server.MinecraftServer/]: Stopping server
[19ago2026 16:46:07.883] [Server thread/INFO] [net.minecraft.server.MinecraftServer/]: Saving players
[19ago2026 16:46:07.883] [Server thread/INFO] [net.minecraft.server.MinecraftServer/]: Saving worlds
[19ago2026 16:46:09.313] [Server thread/INFO] [net.minecraft.server.MinecraftServer/]: Saving chunks for level 'ServerLevel[New World]'/minecraft:overworld
[19ago2026 16:46:09.392] [Server thread/INFO] [net.minecraft.server.MinecraftServer/]: Saving chunks for level 'ServerLevel[New World]'/minecraft:the_end
[19ago2026 16:46:09.394] [Server thread/INFO] [net.minecraft.server.MinecraftServer/]: Saving chunks for level 'ServerLevel[New World]'/minecraft:the_nether
[19ago2026 16:46:09.397] [Server thread/DEBUG] [net.neoforged.neoforge.common.CommonHooks/WP]: Gathered mod list to write to world save New World
[19ago2026 16:46:09.402] [Server thread/INFO] [net.minecraft.server.MinecraftServer/]: ThreadedAnvilChunkStorage (New World): All chunks are saved
[19ago2026 16:46:09.402] [Server thread/INFO] [net.minecraft.server.MinecraftServer/]: ThreadedAnvilChunkStorage (DIM1): All chunks are saved
[19ago2026 16:46:09.402] [Server thread/INFO] [net.minecraft.server.MinecraftServer/]: ThreadedAnvilChunkStorage (DIM-1): All chunks are saved
[19ago2026 16:46:09.403] [Server thread/INFO] [net.minecraft.server.MinecraftServer/]: ThreadedAnvilChunkStorage: All dimensions are saved
[19ago2026 16:46:09.426] [Server thread/DEBUG] [net.neoforged.fml.config.ConfigTracker/CONFIG]: Unloading configs type SERVER
[19ago2026 16:46:10.475] [Render thread/INFO] [net.minecraft.client.Minecraft/]: Stopping!
